{
	"credit": "Made with Blockbench",
	"gui_light": "front",
	"textures": {
		"2": "custom_item/axe_shot_melee"
	},
	"elements": [
		{
			"name": "grip",
			"from": [7, 0, 4],
			"to": [9, 1, 9],
			"rotation": {"angle": 0, "axis": "x", "origin": [7.99024, 18.70583, 7.36752]},
			"faces": {
				"north": {"uv": [2, 3, 2.5, 3.25], "texture": "#2"},
				"east": {"uv": [0.75, 3, 2, 3.25], "texture": "#2"},
				"south": {"uv": [3.75, 3, 4.25, 3.25], "texture": "#2"},
				"west": {"uv": [2.5, 3, 3.75, 3.25], "texture": "#2"},
				"up": {"uv": [2.5, 3, 2, 1.75], "texture": "#2"},
				"down": {"uv": [3, 1.75, 2.5, 3], "texture": "#2"}
			}
		},
		{
			"name": "grip2",
			"from": [7.51221, 4.07249, 17.94237],
			"to": [8.51221, 9.07249, 18.94237],
			"rotation": {"angle": 45, "axis": "x", "origin": [7.99024, 18.70583, 7.36752]},
			"faces": {
				"north": {"uv": [0.25, 7, 0.5, 8.25], "texture": "#2"},
				"east": {"uv": [0, 7, 0.25, 8.25], "texture": "#2"},
				"south": {"uv": [0.75, 7, 1, 8.25], "texture": "#2"},
				"west": {"uv": [0.5, 7, 0.75, 8.25], "texture": "#2"},
				"up": {"uv": [0.5, 7, 0.25, 6.75], "texture": "#2"},
				"down": {"uv": [0.75, 6.75, 0.5, 7], "texture": "#2"}
			}
		},
		{
			"name": "grip3",
			"from": [7.01048, 1, 6.99126],
			"to": [9.01048, 11, 8.99126],
			"rotation": {"angle": 0, "axis": "y", "origin": [7.99024, 18.70583, 7.36752]},
			"faces": {
				"north": {"uv": [0.5, 0.5, 1, 3], "texture": "#2"},
				"east": {"uv": [0, 0.5, 0.5, 3], "texture": "#2"},
				"south": {"uv": [1.5, 0.5, 2, 3], "texture": "#2"},
				"west": {"uv": [1, 0.5, 1.5, 3], "texture": "#2"},
				"up": {"uv": [1, 0.5, 0.5, 0], "texture": "#2"},
				"down": {"uv": [1.5, 0, 1, 0.5], "texture": "#2"}
			}
		},
		{
			"name": "grip4",
			"from": [7.51048, 8, 4.99126],
			"to": [8.51048, 11, 6.99126],
			"rotation": {"angle": 0, "axis": "y", "origin": [7.99024, 18.70583, 7.36752]},
			"faces": {
				"north": {"uv": [6.5, 6.5, 6.75, 7.25], "texture": "#2"},
				"east": {"uv": [6, 6.5, 6.5, 7.25], "texture": "#2"},
				"south": {"uv": [7.25, 6.5, 7.5, 7.25], "texture": "#2"},
				"west": {"uv": [6.75, 6.5, 7.25, 7.25], "texture": "#2"},
				"up": {"uv": [6.75, 6.5, 6.5, 6], "texture": "#2"},
				"down": {"uv": [7, 6, 6.75, 6.5], "texture": "#2"}
			}
		},
		{
			"name": "grip5",
			"from": [7.51048, 10.0194, 14.52452],
			"to": [8.51048, 11.0194, 15.52452],
			"rotation": {"angle": 45, "axis": "x", "origin": [7.99024, 18.70583, 7.36752]},
			"faces": {
				"north": {"uv": [2.25, 1.25, 2.5, 1.5], "texture": "#2"},
				"east": {"uv": [2, 1.25, 2.25, 1.5], "texture": "#2"},
				"south": {"uv": [2.75, 1.25, 3, 1.5], "texture": "#2"},
				"west": {"uv": [2.5, 1.25, 2.75, 1.5], "texture": "#2"},
				"up": {"uv": [2.5, 1.25, 2.25, 1], "texture": "#2"},
				"down": {"uv": [2.75, 1, 2.5, 1.25], "texture": "#2"}
			}
		},
		{
			"from": [7.51048, 11, 6.99126],
			"to": [8.51048, 20, 8.99126],
			"rotation": {"angle": 0, "axis": "y", "origin": [7.99024, 18.70583, 7.36752]},
			"faces": {
				"north": {"uv": [3, 5, 3.25, 7.25], "texture": "#2"},
				"east": {"uv": [2.5, 5, 3, 7.25], "texture": "#2"},
				"south": {"uv": [3.75, 5, 4, 7.25], "texture": "#2"},
				"west": {"uv": [3.25, 5, 3.75, 7.25], "texture": "#2"},
				"up": {"uv": [3.25, 5, 3, 4.5], "texture": "#2"},
				"down": {"uv": [3.5, 4.5, 3.25, 5], "texture": "#2"}
			}
		},
		{
			"from": [7.51048, 13, 8.99126],
			"to": [8.51048, 20, 9.99126],
			"rotation": {"angle": 0, "axis": "y", "origin": [7.99024, 15.70583, 7.36752]},
			"faces": {
				"north": {"uv": [1.75, 5.5, 2, 7.25], "texture": "#2"},
				"east": {"uv": [1.5, 5.5, 1.75, 7.25], "texture": "#2"},
				"south": {"uv": [2.25, 5.5, 2.5, 7.25], "texture": "#2"},
				"west": {"uv": [2, 5.5, 2.25, 7.25], "texture": "#2"},
				"up": {"uv": [2, 5.5, 1.75, 5.25], "texture": "#2"},
				"down": {"uv": [2.25, 5.25, 2, 5.5], "texture": "#2"}
			}
		},
		{
			"from": [6.51048, 17, 6.99126],
			"to": [7.51048, 20, 8.99126],
			"rotation": {"angle": 0, "axis": "y", "origin": [7.99024, 15.70583, 7.36752]},
			"faces": {
				"north": {"uv": [6, 4.25, 6.25, 5], "texture": "#2"},
				"east": {"uv": [5.5, 4.25, 6, 5], "texture": "#2"},
				"south": {"uv": [6.75, 4.25, 7, 5], "texture": "#2"},
				"west": {"uv": [6.25, 4.25, 6.75, 5], "texture": "#2"},
				"up": {"uv": [6.25, 4.25, 6, 3.75], "texture": "#2"},
				"down": {"uv": [6.5, 3.75, 6.25, 4.25], "texture": "#2"}
			}
		},
		{
			"from": [6.51048, 14, 7.99126],
			"to": [7.51048, 17, 8.99126],
			"rotation": {"angle": 0, "axis": "y", "origin": [7.99024, 15.70583, 7.36752]},
			"faces": {
				"north": {"uv": [4.75, 0.25, 5, 1], "texture": "#2"},
				"east": {"uv": [4.5, 0.25, 4.75, 1], "texture": "#2"},
				"south": {"uv": [5.25, 0.25, 5.5, 1], "texture": "#2"},
				"west": {"uv": [5, 0.25, 5.25, 1], "texture": "#2"},
				"up": {"uv": [5, 0.25, 4.75, 0], "texture": "#2"},
				"down": {"uv": [5.25, 0, 5, 0.25], "texture": "#2"}
			}
		},
		{
			"from": [8.51048, 17, 6.99126],
			"to": [9.51048, 20, 8.99126],
			"rotation": {"angle": 0, "axis": "y", "origin": [7.99024, 15.70583, 7.36752]},
			"faces": {
				"north": {"uv": [6, 0.5, 6.25, 1.25], "texture": "#2"},
				"east": {"uv": [5.5, 0.5, 6, 1.25], "texture": "#2"},
				"south": {"uv": [6.75, 0.5, 7, 1.25], "texture": "#2"},
				"west": {"uv": [6.25, 0.5, 6.75, 1.25], "texture": "#2"},
				"up": {"uv": [6.25, 0.5, 6, 0], "texture": "#2"},
				"down": {"uv": [6.5, 0, 6.25, 0.5], "texture": "#2"}
			}
		},
		{
			"from": [8.51048, 14, 7.99126],
			"to": [9.51048, 17, 8.99126],
			"rotation": {"angle": 0, "axis": "y", "origin": [7.99024, 15.70583, 7.36752]},
			"faces": {
				"north": {"uv": [0.25, 3.25, 0.5, 4], "texture": "#2"},
				"east": {"uv": [0, 3.25, 0.25, 4], "texture": "#2"},
				"south": {"uv": [0.75, 3.25, 1, 4], "texture": "#2"},
				"west": {"uv": [0.5, 3.25, 0.75, 4], "texture": "#2"},
				"up": {"uv": [0.5, 3.25, 0.25, 3], "texture": "#2"},
				"down": {"uv": [0.75, 3, 0.5, 3.25], "texture": "#2"}
			}
		},
		{
			"from": [6.51048, 20, 6.99126],
			"to": [9.51048, 22, 9.99126],
			"rotation": {"angle": 0, "axis": "y", "origin": [7.99024, 15.70583, 7.36752]},
			"faces": {
				"north": {"uv": [3.25, 4, 4, 4.5], "texture": "#2"},
				"east": {"uv": [2.5, 4, 3.25, 4.5], "texture": "#2"},
				"south": {"uv": [4.75, 4, 5.5, 4.5], "texture": "#2"},
				"west": {"uv": [4, 4, 4.75, 4.5], "texture": "#2"},
				"up": {"uv": [4, 4, 3.25, 3.25], "texture": "#2"},
				"down": {"uv": [4.75, 3.25, 4, 4], "texture": "#2"}
			}
		},
		{
			"from": [5.51048, 19, 5.99126],
			"to": [6.51048, 23, 9.99126],
			"rotation": {"angle": 0, "axis": "y", "origin": [7.99024, 15.70583, 7.36752]},
			"faces": {
				"north": {"uv": [1, 4.25, 1.25, 5.25], "texture": "#2"},
				"east": {"uv": [0, 4.25, 1, 5.25], "texture": "#2"},
				"south": {"uv": [2.25, 4.25, 2.5, 5.25], "texture": "#2"},
				"west": {"uv": [1.25, 4.25, 2.25, 5.25], "texture": "#2"},
				"up": {"uv": [1.25, 4.25, 1, 3.25], "texture": "#2"},
				"down": {"uv": [1.5, 3.25, 1.25, 4.25], "texture": "#2"}
			}
		},
		{
			"from": [9.51048, 19, 5.99126],
			"to": [10.51048, 23, 9.99126],
			"rotation": {"angle": 0, "axis": "y", "origin": [7.99024, 15.70583, 7.36752]},
			"faces": {
				"north": {"uv": [4, 1, 4.25, 2], "texture": "#2"},
				"east": {"uv": [3, 1, 4, 2], "texture": "#2"},
				"south": {"uv": [5.25, 1, 5.5, 2], "texture": "#2"},
				"west": {"uv": [4.25, 1, 5.25, 2], "texture": "#2"},
				"up": {"uv": [4.25, 1, 4, 0], "texture": "#2"},
				"down": {"uv": [4.5, 0, 4.25, 1], "texture": "#2"}
			}
		},
		{
			"from": [7.00961, 15.08793, 13.26627],
			"to": [9.00961, 18.08793, 14.26627],
			"rotation": {"angle": -45, "axis": "x", "origin": [7.99024, 15.70583, 7.36752]},
			"faces": {
				"north": {"uv": [3.25, 2.25, 3.75, 3], "texture": "#2"},
				"east": {"uv": [3, 2.25, 3.25, 3], "texture": "#2"},
				"south": {"uv": [4, 2.25, 4.5, 3], "texture": "#2"},
				"west": {"uv": [3.75, 2.25, 4, 3], "texture": "#2"},
				"up": {"uv": [3.75, 2.25, 3.25, 2], "texture": "#2"},
				"down": {"uv": [4.25, 2, 3.75, 2.25], "texture": "#2"}
			}
		},
		{
			"from": [7.50961, 14.08793, 11.26627],
			"to": [8.50961, 18.08793, 13.26627],
			"rotation": {"angle": -45, "axis": "x", "origin": [7.99024, 15.70583, 7.36752]},
			"faces": {
				"north": {"uv": [0.5, 5.75, 0.75, 6.75], "texture": "#2"},
				"east": {"uv": [0, 5.75, 0.5, 6.75], "texture": "#2"},
				"south": {"uv": [1.25, 5.75, 1.5, 6.75], "texture": "#2"},
				"west": {"uv": [0.75, 5.75, 1.25, 6.75], "texture": "#2"},
				"up": {"uv": [0.75, 5.75, 0.5, 5.25], "texture": "#2"},
				"down": {"uv": [1, 5.25, 0.75, 5.75], "texture": "#2"}
			}
		},
		{
			"from": [7.50961, 13.08793, 12.26627],
			"to": [8.50961, 14.08793, 13.26627],
			"rotation": {"angle": -45, "axis": "x", "origin": [7.99024, 15.70583, 7.36752]},
			"faces": {
				"north": {"uv": [1.75, 0.25, 2, 0.5], "texture": "#2"},
				"east": {"uv": [1.5, 0.25, 1.75, 0.5], "texture": "#2"},
				"south": {"uv": [2.25, 0.25, 2.5, 0.5], "texture": "#2"},
				"west": {"uv": [2, 0.25, 2.25, 0.5], "texture": "#2"},
				"up": {"uv": [2, 0.25, 1.75, 0], "texture": "#2"},
				"down": {"uv": [2.25, 0, 2, 0.25], "texture": "#2"}
			}
		},
		{
			"from": [7.51048, 22, 6.99126],
			"to": [8.51048, 23, 9.99126],
			"rotation": {"angle": 0, "axis": "y", "origin": [7.99024, 15.70583, 7.36752]},
			"faces": {
				"north": {"uv": [2.75, 0.75, 3, 1], "texture": "#2"},
				"east": {"uv": [2, 0.75, 2.75, 1], "texture": "#2"},
				"south": {"uv": [3.75, 0.75, 4, 1], "texture": "#2"},
				"west": {"uv": [3, 0.75, 3.75, 1], "texture": "#2"},
				"up": {"uv": [3, 0.75, 2.75, 0], "texture": "#2"},
				"down": {"uv": [3.25, 0, 3, 0.75], "texture": "#2"}
			}
		},
		{
			"from": [7.51048, 23, 6.99126],
			"to": [8.51048, 24, 8.99126],
			"rotation": {"angle": 0, "axis": "y", "origin": [7.99024, 15.70583, 7.36752]},
			"faces": {
				"north": {"uv": [2, 3.75, 2.25, 4], "texture": "#2"},
				"east": {"uv": [1.5, 3.75, 2, 4], "texture": "#2"},
				"south": {"uv": [2.75, 3.75, 3, 4], "texture": "#2"},
				"west": {"uv": [2.25, 3.75, 2.75, 4], "texture": "#2"},
				"up": {"uv": [2.25, 3.75, 2, 3.25], "texture": "#2"},
				"down": {"uv": [2.5, 3.25, 2.25, 3.75], "texture": "#2"}
			}
		},
		{
			"from": [7.01048, 17, 5.99126],
			"to": [9.01048, 23, 6.99126],
			"rotation": {"angle": 0, "axis": "y", "origin": [7.99024, 15.70583, 7.36752]},
			"faces": {
				"north": {"uv": [5, 2.25, 5.5, 3.75], "texture": "#2"},
				"east": {"uv": [4.75, 2.25, 5, 3.75], "texture": "#2"},
				"south": {"uv": [5.75, 2.25, 6.25, 3.75], "texture": "#2"},
				"west": {"uv": [5.5, 2.25, 5.75, 3.75], "texture": "#2"},
				"up": {"uv": [5.5, 2.25, 5, 2], "texture": "#2"},
				"down": {"uv": [6, 2, 5.5, 2.25], "texture": "#2"}
			}
		},
		{
			"from": [7.5, 18, 5],
			"to": [8.5, 23, 6],
			"rotation": {"angle": 0, "axis": "y", "origin": [7.99024, 15.70583, 8.36752]},
			"faces": {
				"north": {"uv": [6.75, 3, 7, 4.25], "texture": "#2"},
				"east": {"uv": [6.5, 3, 6.75, 4.25], "texture": "#2"},
				"south": {"uv": [7.25, 3, 7.5, 4.25], "texture": "#2"},
				"west": {"uv": [7, 3, 7.25, 4.25], "texture": "#2"},
				"up": {"uv": [7, 3, 6.75, 2.75], "texture": "#2"},
				"down": {"uv": [7.25, 2.75, 7, 3], "texture": "#2"}
			}
		},
		{
			"from": [7.5, 15, 4],
			"to": [8.5, 25, 5],
			"rotation": {"angle": 0, "axis": "y", "origin": [7.99024, 15.70583, 8.36752]},
			"faces": {
				"north": {"uv": [4.25, 4.75, 4.5, 7.25], "texture": "#2"},
				"east": {"uv": [4, 4.75, 4.25, 7.25], "texture": "#2"},
				"south": {"uv": [4.75, 4.75, 5, 7.25], "texture": "#2"},
				"west": {"uv": [4.5, 4.75, 4.75, 7.25], "texture": "#2"},
				"up": {"uv": [4.5, 4.75, 4.25, 4.5], "texture": "#2"},
				"down": {"uv": [4.75, 4.5, 4.5, 4.75], "texture": "#2"}
			}
		},
		{
			"from": [7.5, 16, 3],
			"to": [8.5, 24, 4],
			"rotation": {"angle": 0, "axis": "y", "origin": [7.99024, 15.70583, 8.36752]},
			"faces": {
				"north": {"uv": [5.25, 5.25, 5.5, 7.25], "texture": "#2"},
				"east": {"uv": [5, 5.25, 5.25, 7.25], "texture": "#2"},
				"south": {"uv": [5.75, 5.25, 6, 7.25], "texture": "#2"},
				"west": {"uv": [5.5, 5.25, 5.75, 7.25], "texture": "#2"},
				"up": {"uv": [5.5, 5.25, 5.25, 5], "texture": "#2"},
				"down": {"uv": [5.75, 5, 5.5, 5.25], "texture": "#2"}
			}
		},
		{
			"from": [7.5, 17, 2],
			"to": [8.5, 22, 3],
			"rotation": {"angle": 0, "axis": "y", "origin": [7.99024, 15.70583, 8.36752]},
			"faces": {
				"north": {"uv": [6.5, 1.5, 6.75, 2.75], "texture": "#2"},
				"east": {"uv": [6.25, 1.5, 6.5, 2.75], "texture": "#2"},
				"south": {"uv": [7, 1.5, 7.25, 2.75], "texture": "#2"},
				"west": {"uv": [6.75, 1.5, 7, 2.75], "texture": "#2"},
				"up": {"uv": [6.75, 1.5, 6.5, 1.25], "texture": "#2"},
				"down": {"uv": [7, 1.25, 6.75, 1.5], "texture": "#2"}
			}
		}
	],
	"display": {
		"thirdperson_righthand": {
			"rotation": [-15, 0, 0],
			"translation": [0, 0.5, 1.5]
		},
		"thirdperson_lefthand": {
			"rotation": [-15, 0, 0],
			"translation": [0, 0.5, 1.5]
		},
		"firstperson_righthand": {
			"rotation": [0, 15, 0],
			"translation": [1.5, 1.5, 0],
			"scale": [0.8, 0.8, 0.8]
		},
		"firstperson_lefthand": {
			"rotation": [0, 15, 0],
			"translation": [1.5, 1.5, 0],
			"scale": [0.8, 0.8, 0.8]
		},
		"ground": {
			"rotation": [45, 0, 0],
			"translation": [0, 3, -3],
			"scale": [0.6, 0.6, 0.6]
		},
		"gui": {
			"rotation": [-90, 135, 90],
			"translation": [-2.5, -3.5, 0],
			"scale": [0.65, 0.65, 0.65]
		},
		"head": {
			"rotation": [0, 0, -90],
			"translation": [-7.75, -31, 0],
			"scale": [2, 2, 2]
		},
		"fixed": {
			"rotation": [-90, -135, -90],
			"translation": [1.5, -2.5, 0],
			"scale": [0.75, 0.75, 0.75]
		}
	}
}