{
	"credit": "Made with Blockbench",
	"textures": {
		"0": "custom_item/fbt"
	},
	"elements": [
		{
			"name": "grip",
			"from": [7.37, -12.18, 7.37],
			"to": [8.63, 15.54, 8.63],
			"rotation": {"angle": 0, "axis": "y", "origin": [-2.08, 4.2, -2.08]},
			"faces": {
				"north": {"uv": [0, 3.5, 0.5, 14.5], "texture": "#0"},
				"east": {"uv": [0, 3.5, 0.5, 14.5], "texture": "#0"},
				"south": {"uv": [0, 3.5, 0.5, 14.5], "texture": "#0"},
				"west": {"uv": [0, 3.5, 0.5, 14.5], "texture": "#0"},
				"up": {"uv": [0, 15.5, 0.5, 16], "texture": "#0"},
				"down": {"uv": [0, 15.5, 0.5, 16], "texture": "#0"}
			}
		},
		{
			"name": "grip",
			"from": [6.11, -14.7, 7.37],
			"to": [9.89, -12.18, 8.63],
			"rotation": {"angle": 0, "axis": "y", "origin": [-2.08, 4.2, -2.08]},
			"faces": {
				"north": {"uv": [2, 4, 3.5, 5], "texture": "#0"},
				"east": {"uv": [2, 4, 2.5, 5], "texture": "#0"},
				"south": {"uv": [2, 4, 3.5, 5], "texture": "#0"},
				"west": {"uv": [2, 4, 2.5, 5], "texture": "#0"},
				"up": {"uv": [2, 4, 3.5, 4.5], "texture": "#0"},
				"down": {"uv": [2, 4, 3.5, 4.5], "texture": "#0"}
			}
		},
		{
			"name": "grip",
			"from": [7.37, -15.96, 7.37],
			"to": [8.63, -14.7, 8.63],
			"rotation": {"angle": 0, "axis": "y", "origin": [-2.08, 4.2, -2.08]},
			"faces": {
				"north": {"uv": [2, 4, 2.5, 4.5], "texture": "#0"},
				"east": {"uv": [2, 4, 2.5, 4.5], "texture": "#0"},
				"south": {"uv": [2, 4, 2.5, 4.5], "texture": "#0"},
				"west": {"uv": [2, 4, 2.5, 4.5], "texture": "#0"},
				"up": {"uv": [2, 4, 2.5, 4.5], "texture": "#0"},
				"down": {"uv": [2, 4, 2.5, 4.5], "texture": "#0"}
			}
		},
		{
			"name": "blade",
			"from": [6.11, 15.54, 7.37],
			"to": [9.89, 23.1, 8.63],
			"rotation": {"angle": 0, "axis": "y", "origin": [-2.08, 4.2, -2.08]},
			"faces": {
				"north": {"uv": [10, 1, 11.5, 4], "texture": "#0"},
				"east": {"uv": [10, 1, 10.5, 4], "texture": "#0"},
				"south": {"uv": [10, 1, 11.5, 4], "texture": "#0"},
				"west": {"uv": [10, 1, 10.5, 4], "texture": "#0"},
				"up": {"uv": [10, 1, 11.5, 1.5], "texture": "#0"},
				"down": {"uv": [10, 3.5, 11.5, 4], "texture": "#0"}
			}
		},
		{
			"name": "blade",
			"from": [7.37, 23.1, 7.37],
			"to": [8.63, 24.36, 8.63],
			"rotation": {"angle": 0, "axis": "y", "origin": [-2.08, 4.2, -2.08]},
			"faces": {
				"north": {"uv": [10.5, 0.5, 11, 1], "texture": "#0"},
				"east": {"uv": [10.5, 0.5, 11, 1], "texture": "#0"},
				"south": {"uv": [10.5, 0.5, 11, 1], "texture": "#0"},
				"west": {"uv": [10.5, 0.5, 11, 1], "texture": "#0"},
				"up": {"uv": [10.5, 0.5, 11, 1], "texture": "#0"},
				"down": {"uv": [10.5, 0.5, 11, 1], "texture": "#0"}
			}
		},
		{
			"name": "blade",
			"from": [9.89, 16.8, 7.37],
			"to": [11.15, 19.32, 8.63],
			"rotation": {"angle": 0, "axis": "y", "origin": [-2.08, 4.2, -2.08]},
			"faces": {
				"north": {"uv": [9.5, 2.5, 10, 3.5], "texture": "#0"},
				"east": {"uv": [9.5, 2.5, 10, 3.5], "texture": "#0"},
				"south": {"uv": [9.5, 2.5, 10, 3.5], "texture": "#0"},
				"west": {"uv": [9.5, 2.5, 10, 3.5], "texture": "#0"},
				"up": {"uv": [10.5, 0.5, 11, 1], "texture": "#0"},
				"down": {"uv": [10.5, 0.5, 11, 1], "texture": "#0"}
			}
		},
		{
			"name": "blade",
			"from": [4.85, 16.8, 7.37],
			"to": [6.11, 19.32, 8.63],
			"rotation": {"angle": 0, "axis": "y", "origin": [-2.08, 4.2, -2.08]},
			"faces": {
				"north": {"uv": [9.5, 2.5, 10, 3.5], "texture": "#0"},
				"east": {"uv": [9.5, 2.5, 10, 3.5], "texture": "#0"},
				"south": {"uv": [9.5, 2.5, 10, 3.5], "texture": "#0"},
				"west": {"uv": [9.5, 2.5, 10, 3.5], "texture": "#0"},
				"up": {"uv": [10.5, 0.5, 11, 1], "texture": "#0"},
				"down": {"uv": [10.5, 0.5, 11, 1], "texture": "#0"}
			}
		},
		{
			"name": "blade",
			"from": [3.59, 18.06, 7.37],
			"to": [4.85, 20.58, 8.63],
			"rotation": {"angle": 0, "axis": "y", "origin": [-2.08, 4.2, -2.08]},
			"faces": {
				"north": {"uv": [9, 2, 9.5, 3], "texture": "#0"},
				"east": {"uv": [9, 2, 9.5, 3], "texture": "#0"},
				"south": {"uv": [9, 2, 9.5, 3], "texture": "#0"},
				"west": {"uv": [9, 2, 9.5, 3], "texture": "#0"},
				"up": {"uv": [10.5, 0.5, 11, 1], "texture": "#0"},
				"down": {"uv": [10.5, 0.5, 11, 1], "texture": "#0"}
			}
		},
		{
			"name": "blade",
			"from": [11.15, 18.06, 7.37],
			"to": [12.41, 20.58, 8.63],
			"rotation": {"angle": 0, "axis": "y", "origin": [-2.08, 4.2, -2.08]},
			"faces": {
				"north": {"uv": [9, 2, 9.5, 3], "texture": "#0"},
				"east": {"uv": [9, 2, 9.5, 3], "texture": "#0"},
				"south": {"uv": [9, 2, 9.5, 3], "texture": "#0"},
				"west": {"uv": [9, 2, 9.5, 3], "texture": "#0"},
				"up": {"uv": [10.5, 0.5, 11, 1], "texture": "#0"},
				"down": {"uv": [10.5, 0.5, 11, 1], "texture": "#0"}
			}
		}
	],
	"gui_light": "front",
	"display": {
		"thirdperson_righthand": {
			"rotation": [0, -90, 0],
			"translation": [0, 15.75, 10.75],
			"scale": [4, 4, 4]
		},
		"thirdperson_lefthand": {
			"rotation": [0, 60, -20],
			"translation": [1.75, 10, -2.25],
			"scale": [2.5, 2.5, 2.5]
		},
		"firstperson_righthand": {
			"rotation": [-3, 75, 0],
			"translation": [3.25, 1.5, -2.25]
		},
		"firstperson_lefthand": {
			"rotation": [-3, 75, 0],
			"translation": [3.25, 1.5, -2.25]
		},
		"ground": {
			"rotation": [0, 0, 45],
			"translation": [-21.25, 61.5, 4.75],
			"scale": [4, 4, 4]
		},
		"gui": {
			"rotation": [0, 0, -45],
			"translation": [15, 15, 0],
			"scale": [4, 4, 4]
		},
		"head": {
			"rotation": [-90, 90, 0],
			"translation": [0, -5, -17.75],
			"scale": [4, 4, 4]
		},
		"fixed": {
			"rotation": [0, 0, 45],
			"translation": [-2, 1.75, -0.5],
			"scale": [0.6, 0.6, 0.6]
		}
	}
}