{
	"credit": "Made with Blockbench",
	"texture_size": [32, 32],
	"textures": {
		"1": "custom_item/ordinary_pistol"
	},
	"elements": [
		{
			"name": "grip3",
			"from": [7.51048, 3.00122, 5.99773],
			"to": [8.51048, 4.00122, 11.99773],
			"rotation": {"angle": 0, "axis": "x", "origin": [8.49469, 3.62885, -0.38111]},
			"faces": {
				"north": {"uv": [2, 6, 2.5, 6.5], "texture": "#1"},
				"east": {"uv": [3.5, 3.5, 6.5, 4], "texture": "#1"},
				"south": {"uv": [8, 3, 8.5, 3.5], "texture": "#1"},
				"west": {"uv": [3.5, 0, 6.5, 0.5], "texture": "#1"},
				"up": {"uv": [2.5, 6, 2, 3], "texture": "#1"},
				"down": {"uv": [4, 0.5, 3.5, 3.5], "texture": "#1"}
			}
		},
		{
			"name": "grip4",
			"from": [7.01048, 3.00122, 10.99773],
			"to": [9.01048, 4.00122, 13.99773],
			"rotation": {"angle": 0, "axis": "x", "origin": [7.99469, 3.62885, 5.61889]},
			"faces": {
				"north": {"uv": [4.5, 4, 5.5, 4.5], "texture": "#1"},
				"east": {"uv": [7, 1, 8.5, 1.5], "texture": "#1"},
				"south": {"uv": [5.5, 5, 6.5, 5.5], "texture": "#1"},
				"west": {"uv": [7, 1.5, 8.5, 2], "texture": "#1"},
				"up": {"uv": [4.5, 5.5, 3.5, 4], "texture": "#1"},
				"down": {"uv": [5, 0.5, 4, 2], "texture": "#1"}
			}
		},
		{
			"name": "grip5",
			"from": [7.01048, 4.00122, 11.99773],
			"to": [9.01048, 6.00122, 13.99773],
			"rotation": {"angle": 0, "axis": "x", "origin": [7.99469, 3.62885, 6.61889]},
			"faces": {
				"north": {"uv": [3.5, 5.5, 4.5, 6.5], "texture": "#1"},
				"east": {"uv": [5.5, 5.5, 6.5, 6.5], "texture": "#1"},
				"south": {"uv": [5.5, 4, 6.5, 5], "texture": "#1"},
				"west": {"uv": [4.5, 6, 5.5, 7], "texture": "#1"},
				"up": {"uv": [7, 1.5, 6, 0.5], "texture": "#1"},
				"down": {"uv": [7, 1.5, 6, 2.5], "texture": "#1"}
			}
		},
		{
			"name": "grip5",
			"from": [7.01048, 4.00122, 2.99773],
			"to": [9.01048, 7.00122, 7.99773],
			"rotation": {"angle": 0, "axis": "x", "origin": [7.99469, 4.62885, 0.61889]},
			"faces": {
				"north": {"uv": [4, 2, 5, 3.5], "texture": "#1"},
				"east": {"uv": [0, 0, 2.5, 1.5], "texture": "#1"},
				"south": {"uv": [4.5, 4.5, 5.5, 6], "texture": "#1"},
				"west": {"uv": [0, 1.5, 2.5, 3], "texture": "#1"},
				"up": {"uv": [3.5, 5, 2.5, 2.5], "texture": "#1"},
				"down": {"uv": [3.5, 0, 2.5, 2.5], "texture": "#1"}
			}
		},
		{
			"name": "grip6",
			"from": [7.01048, 4.00122, 7.99773],
			"to": [9.01048, 5.00122, 9.99773],
			"rotation": {"angle": 0, "axis": "x", "origin": [7.99469, 4.62885, 0.61889]},
			"faces": {
				"north": {"uv": [4.5, 7, 5.5, 7.5], "texture": "#1"},
				"east": {"uv": [7, 2, 8, 2.5], "texture": "#1"},
				"south": {"uv": [7, 2.5, 8, 3], "texture": "#1"},
				"west": {"uv": [7, 3, 8, 3.5], "texture": "#1"},
				"up": {"uv": [7, 3.5, 6, 2.5], "texture": "#1"},
				"down": {"uv": [3, 6.5, 2, 7.5], "texture": "#1"}
			}
		},
		{
			"name": "grip7",
			"from": [7.01048, 5.00122, 7.99773],
			"to": [8.01048, 7.00122, 9.99773],
			"rotation": {"angle": 0, "axis": "x", "origin": [7.99469, 4.62885, 0.61889]},
			"faces": {
				"north": {"uv": [0.5, 7, 1, 8], "texture": "#1"},
				"east": {"uv": [3, 6.5, 4, 7.5], "texture": "#1"},
				"south": {"uv": [2, 7.5, 2.5, 8.5], "texture": "#1"},
				"west": {"uv": [5.5, 6.5, 6.5, 7.5], "texture": "#1"},
				"up": {"uv": [3, 8.5, 2.5, 7.5], "texture": "#1"},
				"down": {"uv": [3.5, 7.5, 3, 8.5], "texture": "#1"}
			}
		},
		{
			"name": "grip6",
			"from": [7.01048, 4.00122, 9.99773],
			"to": [9.01048, 7.00122, 11.99773],
			"rotation": {"angle": 0, "axis": "x", "origin": [7.99469, 4.62885, 0.61889]},
			"faces": {
				"north": {"uv": [2.5, 5, 3.5, 6.5], "texture": "#1"},
				"east": {"uv": [5, 0.5, 6, 2], "texture": "#1"},
				"south": {"uv": [5, 2, 6, 3.5], "texture": "#1"},
				"west": {"uv": [0, 5.5, 1, 7], "texture": "#1"},
				"up": {"uv": [7.5, 7.5, 6.5, 6.5], "texture": "#1"},
				"down": {"uv": [7.5, 3.5, 6.5, 4.5], "texture": "#1"}
			}
		},
		{
			"name": "grip5",
			"from": [7.6, -3.5899, 7.95272],
			"to": [8.35, -2.5899, 8.95272],
			"rotation": {"angle": -45, "axis": "x", "origin": [8.19469, 3.62885, 2.61889]},
			"faces": {
				"north": {"uv": [8, 3.5, 8.5, 4], "texture": "#1"},
				"east": {"uv": [8, 4, 8.5, 4.5], "texture": "#1"},
				"south": {"uv": [8, 4.5, 8.5, 5], "texture": "#1"},
				"west": {"uv": [8, 5, 8.5, 5.5], "texture": "#1"},
				"up": {"uv": [8.5, 6, 8, 5.5], "texture": "#1"},
				"down": {"uv": [8.5, 6, 8, 6.5], "texture": "#1"}
			}
		},
		{
			"name": "grip6",
			"from": [7.51048, -1.96444, 12.45372],
			"to": [8.51048, 3.03556, 14.45372],
			"rotation": {"angle": -22.5, "axis": "x", "origin": [8.02951, 1.28871, 12.19026], "rescale": true},
			"faces": {
				"north": {"uv": [1, 5.5, 1.5, 8], "texture": "#1"},
				"east": {"uv": [0, 3, 1, 5.5], "texture": "#1"},
				"south": {"uv": [1.5, 5.5, 2, 8], "texture": "#1"},
				"west": {"uv": [1, 3, 2, 5.5], "texture": "#1"},
				"up": {"uv": [2, 9, 1.5, 8], "texture": "#1"},
				"down": {"uv": [5, 8, 4.5, 9], "texture": "#1"}
			}
		},
		{
			"name": "grip7",
			"from": [7.51048, -1.96444, 11.45372],
			"to": [8.51048, -0.96444, 12.45372],
			"rotation": {"angle": -22.5, "axis": "x", "origin": [8.02951, 1.28871, 12.19026], "rescale": true},
			"faces": {
				"north": {"uv": [8, 6.5, 8.5, 7], "texture": "#1"},
				"east": {"uv": [8, 7, 8.5, 7.5], "texture": "#1"},
				"south": {"uv": [8, 7.5, 8.5, 8], "texture": "#1"},
				"west": {"uv": [2, 8.5, 2.5, 9], "texture": "#1"},
				"up": {"uv": [3, 9, 2.5, 8.5], "texture": "#1"},
				"down": {"uv": [3.5, 8.5, 3, 9], "texture": "#1"}
			}
		},
		{
			"from": [7.5, 2, 10],
			"to": [8.5, 3, 11],
			"rotation": {"angle": 0, "axis": "y", "origin": [15.5, 10, 18]},
			"faces": {
				"north": {"uv": [3.5, 8.5, 4, 9], "texture": "#1"},
				"east": {"uv": [4, 8.5, 4.5, 9], "texture": "#1"},
				"south": {"uv": [5, 8.5, 5.5, 9], "texture": "#1"},
				"west": {"uv": [5.5, 8.5, 6, 9], "texture": "#1"},
				"up": {"uv": [7, 9, 6.5, 8.5], "texture": "#1"},
				"down": {"uv": [7.5, 8.5, 7, 9], "texture": "#1"}
			}
		},
		{
			"from": [7.5, 1, 11],
			"to": [8.5, 2, 13],
			"rotation": {"angle": 0, "axis": "y", "origin": [15.5, 9, 19]},
			"faces": {
				"north": {"uv": [7.5, 8.5, 8, 9], "texture": "#1"},
				"east": {"uv": [4.5, 7.5, 5.5, 8], "texture": "#1"},
				"south": {"uv": [8, 8.5, 8.5, 9], "texture": "#1"},
				"west": {"uv": [5.5, 7.5, 6.5, 8], "texture": "#1"},
				"up": {"uv": [4, 8.5, 3.5, 7.5], "texture": "#1"},
				"down": {"uv": [7, 7.5, 6.5, 8.5], "texture": "#1"}
			}
		},
		{
			"from": [7.5, 4, 14],
			"to": [8.5, 6, 15],
			"faces": {
				"north": {"uv": [7, 7.5, 7.5, 8.5], "texture": "#1"},
				"east": {"uv": [7.5, 7.5, 8, 8.5], "texture": "#1"},
				"south": {"uv": [7.5, 3.5, 8, 4.5], "texture": "#1"},
				"west": {"uv": [7.5, 4.5, 8, 5.5], "texture": "#1"},
				"up": {"uv": [9, 9, 8.5, 8.5], "texture": "#1"},
				"down": {"uv": [9, 0, 8.5, 0.5], "texture": "#1"}
			}
		},
		{
			"from": [7.5, 5, 12],
			"to": [8.5, 7, 14],
			"faces": {
				"north": {"uv": [7.5, 5.5, 8, 6.5], "texture": "#1"},
				"east": {"uv": [6.5, 4.5, 7.5, 5.5], "texture": "#1"},
				"south": {"uv": [7.5, 6.5, 8, 7.5], "texture": "#1"},
				"west": {"uv": [6.5, 5.5, 7.5, 6.5], "texture": "#1"},
				"up": {"uv": [1, 9, 0.5, 8], "texture": "#1"},
				"down": {"uv": [1.5, 8, 1, 9], "texture": "#1"}
			}
		},
		{
			"from": [7.5, 7, 3],
			"to": [8.5, 8, 7],
			"rotation": {"angle": 0, "axis": "y", "origin": [8, 9, 7]},
			"faces": {
				"north": {"uv": [8.5, 1, 9, 1.5], "texture": "#1"},
				"east": {"uv": [6.5, 0, 8.5, 0.5], "texture": "#1"},
				"south": {"uv": [8.5, 1.5, 9, 2], "texture": "#1"},
				"west": {"uv": [7, 0.5, 9, 1], "texture": "#1"},
				"up": {"uv": [4.5, 8.5, 4, 6.5], "texture": "#1"},
				"down": {"uv": [0.5, 7, 0, 9], "texture": "#1"}
			}
		},
		{
			"from": [7.5, 5, 8],
			"to": [8.5, 6, 10],
			"rotation": {"angle": 0, "axis": "y", "origin": [15.5, 13, 16]},
			"faces": {
				"north": {"uv": [8.5, 2, 9, 2.5], "texture": "#1"},
				"east": {"uv": [5, 8, 6, 8.5], "texture": "#1"},
				"south": {"uv": [8.5, 2.5, 9, 3], "texture": "#1"},
				"west": {"uv": [8, 8, 9, 8.5], "texture": "#1"},
				"up": {"uv": [6.5, 9, 6, 8], "texture": "#1"},
				"down": {"uv": [8.5, 2, 8, 3], "texture": "#1"}
			}
		},
		{
			"from": [7.5, 5, 2.95],
			"to": [8.5, 6, 3.95],
			"rotation": {"angle": 0, "axis": "y", "origin": [15.5, 13, 10.95]},
			"faces": {
				"north": {"uv": [8.5, 3, 9, 3.5], "texture": "#1"},
				"east": {"uv": [8.5, 3.5, 9, 4], "texture": "#1"},
				"south": {"uv": [8.5, 4, 9, 4.5], "texture": "#1"},
				"west": {"uv": [8.5, 4.5, 9, 5], "texture": "#1"},
				"up": {"uv": [9, 5.5, 8.5, 5], "texture": "#1"},
				"down": {"uv": [9, 5.5, 8.5, 6], "texture": "#1"}
			}
		}
	],
	"gui_light": "front",
	"display": {
		"thirdperson_righthand": {
			"rotation": [0, -13, 0],
			"translation": [1, 5, -3.25]
		},
		"thirdperson_lefthand": {
			"rotation": [0, -13, 0],
			"translation": [1, 5, -3.25]
		},
		"firstperson_righthand": {
			"rotation": [0, -10, 0],
			"translation": [8, 7, 0.75]
		},
		"firstperson_lefthand": {
			"rotation": [0, -10, 0],
			"translation": [8, 7, 0.25]
		},
		"ground": {
			"translation": [0, 4, 0],
			"scale": [0.7, 0.7, 0.7]
		},
		"gui": {
			"rotation": [-90, 135, 90],
			"translation": [1, 4, 0]
		},
		"head": {
			"rotation": [0, 0, 90],
			"translation": [-7.75, -12, -3],
			"scale": [2.3, 2.3, 2.3]
		},
		"fixed": {
			"rotation": [-90, -135, -90],
			"translation": [-1.75, 3.25, 0]
		}
	}
}