{
	"credit": "Made with Blockbench",
	"texture_size": [32, 32],
	"textures": {
		"0": "custom_item/sol_ring",
		"particle": "custom_item/sol_ring"
	},
	"elements": [
		{
			"from": [-2.5, 7.5, 7.5],
			"to": [2.5, 8.5, 8.5],
			"faces": {
				"north": {"uv": [0, 3, 2.5, 3.5], "texture": "#0"},
				"east": {"uv": [7.5, 3.5, 8, 4], "texture": "#0"},
				"south": {"uv": [2.5, 3, 5, 3.5], "texture": "#0"},
				"west": {"uv": [7.5, 4, 8, 4.5], "texture": "#0"},
				"up": {"uv": [5.5, 0.5, 3, 0], "texture": "#0"},
				"down": {"uv": [5.5, 0.5, 3, 1], "texture": "#0"}
			}
		},
		{
			"from": [7.5, 7.5, 13.5],
			"to": [8.5, 8.5, 18.5],
			"faces": {
				"north": {"uv": [7.5, 3.5, 8, 4], "texture": "#0"},
				"east": {"uv": [2.5, 3, 5, 3.5], "texture": "#0"},
				"south": {"uv": [7.5, 4, 8, 4.5], "texture": "#0"},
				"west": {"uv": [0, 3, 2.5, 3.5], "texture": "#0"},
				"up": {"uv": [5.5, 0.5, 3, 0], "rotation": 270, "texture": "#0"},
				"down": {"uv": [5.5, 0.5, 3, 1], "rotation": 90, "texture": "#0"}
			}
		},
		{
			"from": [13.5, 7.5, 7.5],
			"to": [18.5, 8.5, 8.5],
			"faces": {
				"north": {"uv": [2.5, 3, 5, 3.5], "texture": "#0"},
				"east": {"uv": [7.5, 4, 8, 4.5], "texture": "#0"},
				"south": {"uv": [0, 3, 2.5, 3.5], "texture": "#0"},
				"west": {"uv": [7.5, 3.5, 8, 4], "texture": "#0"},
				"up": {"uv": [5.5, 0.5, 3, 0], "rotation": 180, "texture": "#0"},
				"down": {"uv": [5.5, 0.5, 3, 1], "rotation": 180, "texture": "#0"}
			}
		},
		{
			"from": [7.5, 7.5, -2.5],
			"to": [8.5, 8.5, 2.5],
			"faces": {
				"north": {"uv": [7.5, 4, 8, 4.5], "texture": "#0"},
				"east": {"uv": [0, 3, 2.5, 3.5], "texture": "#0"},
				"south": {"uv": [7.5, 3.5, 8, 4], "texture": "#0"},
				"west": {"uv": [2.5, 3, 5, 3.5], "texture": "#0"},
				"up": {"uv": [5.5, 0.5, 3, 0], "rotation": 90, "texture": "#0"},
				"down": {"uv": [5.5, 0.5, 3, 1], "rotation": 270, "texture": "#0"}
			}
		},
		{
			"from": [-1.5, 7.5, 8.5],
			"to": [1.5, 8.5, 9.5],
			"faces": {
				"north": {"uv": [4.5, 1, 6, 1.5], "texture": "#0"},
				"east": {"uv": [7.5, 5, 8, 5.5], "texture": "#0"},
				"south": {"uv": [4.5, 1.5, 6, 2], "texture": "#0"},
				"west": {"uv": [7.5, 5.5, 8, 6], "texture": "#0"},
				"up": {"uv": [6, 2.5, 4.5, 2], "texture": "#0"},
				"down": {"uv": [6, 2.5, 4.5, 3], "texture": "#0"}
			}
		},
		{
			"from": [8.5, 7.5, 14.5],
			"to": [9.5, 8.5, 17.5],
			"faces": {
				"north": {"uv": [7.5, 5, 8, 5.5], "texture": "#0"},
				"east": {"uv": [4.5, 1.5, 6, 2], "texture": "#0"},
				"south": {"uv": [7.5, 5.5, 8, 6], "texture": "#0"},
				"west": {"uv": [4.5, 1, 6, 1.5], "texture": "#0"},
				"up": {"uv": [6, 2.5, 4.5, 2], "rotation": 270, "texture": "#0"},
				"down": {"uv": [6, 2.5, 4.5, 3], "rotation": 90, "texture": "#0"}
			}
		},
		{
			"from": [14.5, 7.5, 6.5],
			"to": [17.5, 8.5, 7.5],
			"faces": {
				"north": {"uv": [4.5, 1.5, 6, 2], "texture": "#0"},
				"east": {"uv": [7.5, 5.5, 8, 6], "texture": "#0"},
				"south": {"uv": [4.5, 1, 6, 1.5], "texture": "#0"},
				"west": {"uv": [7.5, 5, 8, 5.5], "texture": "#0"},
				"up": {"uv": [6, 2.5, 4.5, 2], "rotation": 180, "texture": "#0"},
				"down": {"uv": [6, 2.5, 4.5, 3], "rotation": 180, "texture": "#0"}
			}
		},
		{
			"from": [6.5, 7.5, -1.5],
			"to": [7.5, 8.5, 1.5],
			"faces": {
				"north": {"uv": [7.5, 5.5, 8, 6], "texture": "#0"},
				"east": {"uv": [4.5, 1, 6, 1.5], "texture": "#0"},
				"south": {"uv": [7.5, 5, 8, 5.5], "texture": "#0"},
				"west": {"uv": [4.5, 1.5, 6, 2], "texture": "#0"},
				"up": {"uv": [6, 2.5, 4.5, 2], "rotation": 90, "texture": "#0"},
				"down": {"uv": [6, 2.5, 4.5, 3], "rotation": 270, "texture": "#0"}
			}
		},
		{
			"from": [-1.5, 7.5, 10.5],
			"to": [1.5, 8.5, 11.5],
			"faces": {
				"north": {"uv": [4.5, 4, 6, 4.5], "texture": "#0"},
				"east": {"uv": [7.5, 6, 8, 6.5], "texture": "#0"},
				"south": {"uv": [0, 5, 1.5, 5.5], "texture": "#0"},
				"west": {"uv": [7.5, 6.5, 8, 7], "texture": "#0"},
				"up": {"uv": [3, 5.5, 1.5, 5], "texture": "#0"},
				"down": {"uv": [6, 5, 4.5, 5.5], "texture": "#0"}
			}
		},
		{
			"from": [10.5, 7.5, 14.5],
			"to": [11.5, 8.5, 17.5],
			"faces": {
				"north": {"uv": [7.5, 6, 8, 6.5], "texture": "#0"},
				"east": {"uv": [0, 5, 1.5, 5.5], "texture": "#0"},
				"south": {"uv": [7.5, 6.5, 8, 7], "texture": "#0"},
				"west": {"uv": [4.5, 4, 6, 4.5], "texture": "#0"},
				"up": {"uv": [3, 5.5, 1.5, 5], "rotation": 270, "texture": "#0"},
				"down": {"uv": [6, 5, 4.5, 5.5], "rotation": 90, "texture": "#0"}
			}
		},
		{
			"from": [14.5, 7.5, 4.5],
			"to": [17.5, 8.5, 5.5],
			"faces": {
				"north": {"uv": [0, 5, 1.5, 5.5], "texture": "#0"},
				"east": {"uv": [7.5, 6.5, 8, 7], "texture": "#0"},
				"south": {"uv": [4.5, 4, 6, 4.5], "texture": "#0"},
				"west": {"uv": [7.5, 6, 8, 6.5], "texture": "#0"},
				"up": {"uv": [3, 5.5, 1.5, 5], "rotation": 180, "texture": "#0"},
				"down": {"uv": [6, 5, 4.5, 5.5], "rotation": 180, "texture": "#0"}
			}
		},
		{
			"from": [4.5, 7.5, -1.5],
			"to": [5.5, 8.5, 1.5],
			"faces": {
				"north": {"uv": [7.5, 6.5, 8, 7], "texture": "#0"},
				"east": {"uv": [4.5, 4, 6, 4.5], "texture": "#0"},
				"south": {"uv": [7.5, 6, 8, 6.5], "texture": "#0"},
				"west": {"uv": [0, 5, 1.5, 5.5], "texture": "#0"},
				"up": {"uv": [3, 5.5, 1.5, 5], "rotation": 90, "texture": "#0"},
				"down": {"uv": [6, 5, 4.5, 5.5], "rotation": 270, "texture": "#0"}
			}
		},
		{
			"from": [-1.5, 7.5, 4.5],
			"to": [1.5, 8.5, 5.5],
			"rotation": {"angle": 0, "axis": "y", "origin": [8, 8, 2]},
			"faces": {
				"north": {"uv": [5, 3, 6.5, 3.5], "texture": "#0"},
				"east": {"uv": [1, 8, 1.5, 8.5], "texture": "#0"},
				"south": {"uv": [0, 5.5, 1.5, 6], "texture": "#0"},
				"west": {"uv": [1.5, 8, 2, 8.5], "texture": "#0"},
				"up": {"uv": [3, 6, 1.5, 5.5], "texture": "#0"},
				"down": {"uv": [6, 5.5, 4.5, 6], "texture": "#0"}
			}
		},
		{
			"from": [4.5, 7.5, 14.5],
			"to": [5.5, 8.5, 17.5],
			"faces": {
				"north": {"uv": [1, 8, 1.5, 8.5], "texture": "#0"},
				"east": {"uv": [0, 5.5, 1.5, 6], "texture": "#0"},
				"south": {"uv": [1.5, 8, 2, 8.5], "texture": "#0"},
				"west": {"uv": [5, 3, 6.5, 3.5], "texture": "#0"},
				"up": {"uv": [3, 6, 1.5, 5.5], "rotation": 270, "texture": "#0"},
				"down": {"uv": [6, 5.5, 4.5, 6], "rotation": 90, "texture": "#0"}
			}
		},
		{
			"from": [14.5, 7.5, 10.5],
			"to": [17.5, 8.5, 11.5],
			"faces": {
				"north": {"uv": [0, 5.5, 1.5, 6], "texture": "#0"},
				"east": {"uv": [1.5, 8, 2, 8.5], "texture": "#0"},
				"south": {"uv": [5, 3, 6.5, 3.5], "texture": "#0"},
				"west": {"uv": [1, 8, 1.5, 8.5], "texture": "#0"},
				"up": {"uv": [3, 6, 1.5, 5.5], "rotation": 180, "texture": "#0"},
				"down": {"uv": [6, 5.5, 4.5, 6], "rotation": 180, "texture": "#0"}
			}
		},
		{
			"from": [10.5, 7.5, -1.5],
			"to": [11.5, 8.5, 1.5],
			"faces": {
				"north": {"uv": [1.5, 8, 2, 8.5], "texture": "#0"},
				"east": {"uv": [5, 3, 6.5, 3.5], "texture": "#0"},
				"south": {"uv": [1, 8, 1.5, 8.5], "texture": "#0"},
				"west": {"uv": [0, 5.5, 1.5, 6], "texture": "#0"},
				"up": {"uv": [3, 6, 1.5, 5.5], "rotation": 90, "texture": "#0"},
				"down": {"uv": [6, 5.5, 4.5, 6], "rotation": 270, "texture": "#0"}
			}
		},
		{
			"from": [-1.5, 7.5, 6.5],
			"to": [1.5, 8.5, 7.5],
			"faces": {
				"north": {"uv": [5.5, 0, 7, 0.5], "texture": "#0"},
				"east": {"uv": [2, 8, 2.5, 8.5], "texture": "#0"},
				"south": {"uv": [5.5, 0.5, 7, 1], "texture": "#0"},
				"west": {"uv": [2.5, 8, 3, 8.5], "texture": "#0"},
				"up": {"uv": [1.5, 6.5, 0, 6], "texture": "#0"},
				"down": {"uv": [3, 6, 1.5, 6.5], "texture": "#0"}
			}
		},
		{
			"from": [6.5, 7.5, 14.5],
			"to": [7.5, 8.5, 17.5],
			"faces": {
				"north": {"uv": [2, 8, 2.5, 8.5], "texture": "#0"},
				"east": {"uv": [5.5, 0.5, 7, 1], "texture": "#0"},
				"south": {"uv": [2.5, 8, 3, 8.5], "texture": "#0"},
				"west": {"uv": [5.5, 0, 7, 0.5], "texture": "#0"},
				"up": {"uv": [1.5, 6.5, 0, 6], "rotation": 270, "texture": "#0"},
				"down": {"uv": [3, 6, 1.5, 6.5], "rotation": 90, "texture": "#0"}
			}
		},
		{
			"from": [14.5, 7.5, 8.5],
			"to": [17.5, 8.5, 9.5],
			"faces": {
				"north": {"uv": [5.5, 0.5, 7, 1], "texture": "#0"},
				"east": {"uv": [2.5, 8, 3, 8.5], "texture": "#0"},
				"south": {"uv": [5.5, 0, 7, 0.5], "texture": "#0"},
				"west": {"uv": [2, 8, 2.5, 8.5], "texture": "#0"},
				"up": {"uv": [1.5, 6.5, 0, 6], "rotation": 180, "texture": "#0"},
				"down": {"uv": [3, 6, 1.5, 6.5], "rotation": 180, "texture": "#0"}
			}
		},
		{
			"from": [8.5, 7.5, -1.5],
			"to": [9.5, 8.5, 1.5],
			"faces": {
				"north": {"uv": [2.5, 8, 3, 8.5], "texture": "#0"},
				"east": {"uv": [5.5, 0, 7, 0.5], "texture": "#0"},
				"south": {"uv": [2, 8, 2.5, 8.5], "texture": "#0"},
				"west": {"uv": [5.5, 0.5, 7, 1], "texture": "#0"},
				"up": {"uv": [1.5, 6.5, 0, 6], "rotation": 90, "texture": "#0"},
				"down": {"uv": [3, 6, 1.5, 6.5], "rotation": 270, "texture": "#0"}
			}
		},
		{
			"from": [-0.5, 7.5, 11.5],
			"to": [0.5, 8.5, 12.5],
			"faces": {
				"north": {"uv": [3, 8, 3.5, 8.5], "texture": "#0"},
				"east": {"uv": [3.5, 8, 4, 8.5], "texture": "#0"},
				"south": {"uv": [4, 8, 4.5, 8.5], "texture": "#0"},
				"west": {"uv": [4.5, 8, 5, 8.5], "texture": "#0"},
				"up": {"uv": [5.5, 8.5, 5, 8], "texture": "#0"},
				"down": {"uv": [6, 8, 5.5, 8.5], "texture": "#0"}
			}
		},
		{
			"from": [11.5, 7.5, 15.5],
			"to": [12.5, 8.5, 16.5],
			"faces": {
				"north": {"uv": [3.5, 8, 4, 8.5], "texture": "#0"},
				"east": {"uv": [4, 8, 4.5, 8.5], "texture": "#0"},
				"south": {"uv": [4.5, 8, 5, 8.5], "texture": "#0"},
				"west": {"uv": [3, 8, 3.5, 8.5], "texture": "#0"},
				"up": {"uv": [5.5, 8.5, 5, 8], "rotation": 270, "texture": "#0"},
				"down": {"uv": [6, 8, 5.5, 8.5], "rotation": 90, "texture": "#0"}
			}
		},
		{
			"from": [15.5, 7.5, 3.5],
			"to": [16.5, 8.5, 4.5],
			"faces": {
				"north": {"uv": [4, 8, 4.5, 8.5], "texture": "#0"},
				"east": {"uv": [4.5, 8, 5, 8.5], "texture": "#0"},
				"south": {"uv": [3, 8, 3.5, 8.5], "texture": "#0"},
				"west": {"uv": [3.5, 8, 4, 8.5], "texture": "#0"},
				"up": {"uv": [5.5, 8.5, 5, 8], "rotation": 180, "texture": "#0"},
				"down": {"uv": [6, 8, 5.5, 8.5], "rotation": 180, "texture": "#0"}
			}
		},
		{
			"from": [3.5, 7.5, -0.5],
			"to": [4.5, 8.5, 0.5],
			"faces": {
				"north": {"uv": [4.5, 8, 5, 8.5], "texture": "#0"},
				"east": {"uv": [3, 8, 3.5, 8.5], "texture": "#0"},
				"south": {"uv": [3.5, 8, 4, 8.5], "texture": "#0"},
				"west": {"uv": [4, 8, 4.5, 8.5], "texture": "#0"},
				"up": {"uv": [5.5, 8.5, 5, 8], "rotation": 90, "texture": "#0"},
				"down": {"uv": [6, 8, 5.5, 8.5], "rotation": 270, "texture": "#0"}
			}
		},
		{
			"from": [-0.5, 7.5, 3.5],
			"to": [0.5, 8.5, 4.5],
			"rotation": {"angle": 0, "axis": "y", "origin": [8, 8, 0]},
			"faces": {
				"north": {"uv": [6, 8, 6.5, 8.5], "texture": "#0"},
				"east": {"uv": [6.5, 8, 7, 8.5], "texture": "#0"},
				"south": {"uv": [7, 8, 7.5, 8.5], "texture": "#0"},
				"west": {"uv": [7.5, 8, 8, 8.5], "texture": "#0"},
				"up": {"uv": [8.5, 8.5, 8, 8], "texture": "#0"},
				"down": {"uv": [8.5, 0, 8, 0.5], "texture": "#0"}
			}
		},
		{
			"from": [3.5, 7.5, 15.5],
			"to": [4.5, 8.5, 16.5],
			"faces": {
				"north": {"uv": [6.5, 8, 7, 8.5], "texture": "#0"},
				"east": {"uv": [7, 8, 7.5, 8.5], "texture": "#0"},
				"south": {"uv": [7.5, 8, 8, 8.5], "texture": "#0"},
				"west": {"uv": [6, 8, 6.5, 8.5], "texture": "#0"},
				"up": {"uv": [8.5, 8.5, 8, 8], "rotation": 270, "texture": "#0"},
				"down": {"uv": [8.5, 0, 8, 0.5], "rotation": 90, "texture": "#0"}
			}
		},
		{
			"from": [15.5, 7.5, 11.5],
			"to": [16.5, 8.5, 12.5],
			"faces": {
				"north": {"uv": [7, 8, 7.5, 8.5], "texture": "#0"},
				"east": {"uv": [7.5, 8, 8, 8.5], "texture": "#0"},
				"south": {"uv": [6, 8, 6.5, 8.5], "texture": "#0"},
				"west": {"uv": [6.5, 8, 7, 8.5], "texture": "#0"},
				"up": {"uv": [8.5, 8.5, 8, 8], "rotation": 180, "texture": "#0"},
				"down": {"uv": [8.5, 0, 8, 0.5], "rotation": 180, "texture": "#0"}
			}
		},
		{
			"from": [11.5, 7.5, -0.5],
			"to": [12.5, 8.5, 0.5],
			"faces": {
				"north": {"uv": [7.5, 8, 8, 8.5], "texture": "#0"},
				"east": {"uv": [6, 8, 6.5, 8.5], "texture": "#0"},
				"south": {"uv": [6.5, 8, 7, 8.5], "texture": "#0"},
				"west": {"uv": [7, 8, 7.5, 8.5], "texture": "#0"},
				"up": {"uv": [8.5, 8.5, 8, 8], "rotation": 90, "texture": "#0"},
				"down": {"uv": [8.5, 0, 8, 0.5], "rotation": 270, "texture": "#0"}
			}
		},
		{
			"name": "sol_2",
			"from": [-0.5, 7.5, 14.5],
			"to": [1.5, 8.5, 16.5],
			"rotation": {"angle": 0, "axis": "y", "origin": [9.5, 15.5, 6.5]},
			"faces": {
				"north": {"uv": [3, 5, 4, 5.5], "texture": "#0"},
				"east": {"uv": [3, 5.5, 4, 6], "texture": "#0"},
				"south": {"uv": [7, 7, 8, 7.5], "texture": "#0"},
				"west": {"uv": [7, 0, 8, 0.5], "texture": "#0"},
				"up": {"uv": [4, 2, 3, 1], "texture": "#0"},
				"down": {"uv": [4, 2, 3, 3], "texture": "#0"}
			}
		},
		{
			"name": "sol_3",
			"from": [14.5, 7.5, 14.5],
			"to": [16.5, 8.5, 16.5],
			"faces": {
				"north": {"uv": [3, 5.5, 4, 6], "texture": "#0"},
				"east": {"uv": [7, 7, 8, 7.5], "texture": "#0"},
				"south": {"uv": [7, 0, 8, 0.5], "texture": "#0"},
				"west": {"uv": [3, 5, 4, 5.5], "texture": "#0"},
				"up": {"uv": [4, 2, 3, 1], "rotation": 270, "texture": "#0"},
				"down": {"uv": [4, 2, 3, 3], "rotation": 90, "texture": "#0"}
			}
		},
		{
			"name": "sol_4",
			"from": [14.5, 7.5, -0.5],
			"to": [16.5, 8.5, 1.5],
			"faces": {
				"north": {"uv": [7, 7, 8, 7.5], "texture": "#0"},
				"east": {"uv": [7, 0, 8, 0.5], "texture": "#0"},
				"south": {"uv": [3, 5, 4, 5.5], "texture": "#0"},
				"west": {"uv": [3, 5.5, 4, 6], "texture": "#0"},
				"up": {"uv": [4, 2, 3, 1], "rotation": 180, "texture": "#0"},
				"down": {"uv": [4, 2, 3, 3], "rotation": 180, "texture": "#0"}
			}
		},
		{
			"name": "sol_5",
			"from": [-0.5, 7.5, -0.5],
			"to": [1.5, 8.5, 1.5],
			"faces": {
				"north": {"uv": [7, 0, 8, 0.5], "texture": "#0"},
				"east": {"uv": [3, 5, 4, 5.5], "texture": "#0"},
				"south": {"uv": [3, 5.5, 4, 6], "texture": "#0"},
				"west": {"uv": [7, 7, 8, 7.5], "texture": "#0"},
				"up": {"uv": [4, 2, 3, 1], "rotation": 90, "texture": "#0"},
				"down": {"uv": [4, 2, 3, 3], "rotation": 270, "texture": "#0"}
			}
		},
		{
			"name": "sol_2",
			"from": [1.5, 7.5, 12.5],
			"to": [3.5, 8.5, 14.5],
			"rotation": {"angle": 0, "axis": "y", "origin": [9.5, 15.5, 6.5]},
			"faces": {
				"north": {"uv": [7, 0.5, 8, 1], "texture": "#0"},
				"east": {"uv": [1, 7.5, 2, 8], "texture": "#0"},
				"south": {"uv": [2, 7.5, 3, 8], "texture": "#0"},
				"west": {"uv": [3, 7.5, 4, 8], "texture": "#0"},
				"up": {"uv": [1, 4.5, 0, 3.5], "texture": "#0"},
				"down": {"uv": [2, 3.5, 1, 4.5], "texture": "#0"}
			}
		},
		{
			"name": "sol_3",
			"from": [12.5, 7.5, 12.5],
			"to": [14.5, 8.5, 14.5],
			"faces": {
				"north": {"uv": [1, 7.5, 2, 8], "texture": "#0"},
				"east": {"uv": [2, 7.5, 3, 8], "texture": "#0"},
				"south": {"uv": [3, 7.5, 4, 8], "texture": "#0"},
				"west": {"uv": [7, 0.5, 8, 1], "texture": "#0"},
				"up": {"uv": [1, 4.5, 0, 3.5], "rotation": 270, "texture": "#0"},
				"down": {"uv": [2, 3.5, 1, 4.5], "rotation": 90, "texture": "#0"}
			}
		},
		{
			"name": "sol_4",
			"from": [12.5, 7.5, 1.5],
			"to": [14.5, 8.5, 3.5],
			"faces": {
				"north": {"uv": [2, 7.5, 3, 8], "texture": "#0"},
				"east": {"uv": [3, 7.5, 4, 8], "texture": "#0"},
				"south": {"uv": [7, 0.5, 8, 1], "texture": "#0"},
				"west": {"uv": [1, 7.5, 2, 8], "texture": "#0"},
				"up": {"uv": [1, 4.5, 0, 3.5], "rotation": 180, "texture": "#0"},
				"down": {"uv": [2, 3.5, 1, 4.5], "rotation": 180, "texture": "#0"}
			}
		},
		{
			"name": "sol_5",
			"from": [1.5, 7.5, 1.5],
			"to": [3.5, 8.5, 3.5],
			"faces": {
				"north": {"uv": [3, 7.5, 4, 8], "texture": "#0"},
				"east": {"uv": [7, 0.5, 8, 1], "texture": "#0"},
				"south": {"uv": [1, 7.5, 2, 8], "texture": "#0"},
				"west": {"uv": [2, 7.5, 3, 8], "texture": "#0"},
				"up": {"uv": [1, 4.5, 0, 3.5], "rotation": 90, "texture": "#0"},
				"down": {"uv": [2, 3.5, 1, 4.5], "rotation": 270, "texture": "#0"}
			}
		},
		{
			"name": "sol_2",
			"from": [1.5, 7.5, 14.5],
			"to": [2.5, 8.5, 15.5],
			"rotation": {"angle": 0, "axis": "y", "origin": [9.5, 15.5, 6.5]},
			"faces": {
				"north": {"uv": [8, 0.5, 8.5, 1], "texture": "#0"},
				"east": {"uv": [8, 3, 8.5, 3.5], "texture": "#0"},
				"south": {"uv": [8, 3.5, 8.5, 4], "texture": "#0"},
				"west": {"uv": [8, 4, 8.5, 4.5], "texture": "#0"},
				"up": {"uv": [8.5, 5, 8, 4.5], "texture": "#0"},
				"down": {"uv": [8.5, 5, 8, 5.5], "texture": "#0"}
			}
		},
		{
			"name": "sol_3",
			"from": [14.5, 7.5, 13.5],
			"to": [15.5, 8.5, 14.5],
			"faces": {
				"north": {"uv": [8, 3, 8.5, 3.5], "texture": "#0"},
				"east": {"uv": [8, 3.5, 8.5, 4], "texture": "#0"},
				"south": {"uv": [8, 4, 8.5, 4.5], "texture": "#0"},
				"west": {"uv": [8, 0.5, 8.5, 1], "texture": "#0"},
				"up": {"uv": [8.5, 5, 8, 4.5], "rotation": 270, "texture": "#0"},
				"down": {"uv": [8.5, 5, 8, 5.5], "rotation": 90, "texture": "#0"}
			}
		},
		{
			"name": "sol_4",
			"from": [13.5, 7.5, 0.5],
			"to": [14.5, 8.5, 1.5],
			"faces": {
				"north": {"uv": [8, 3.5, 8.5, 4], "texture": "#0"},
				"east": {"uv": [8, 4, 8.5, 4.5], "texture": "#0"},
				"south": {"uv": [8, 0.5, 8.5, 1], "texture": "#0"},
				"west": {"uv": [8, 3, 8.5, 3.5], "texture": "#0"},
				"up": {"uv": [8.5, 5, 8, 4.5], "rotation": 180, "texture": "#0"},
				"down": {"uv": [8.5, 5, 8, 5.5], "rotation": 180, "texture": "#0"}
			}
		},
		{
			"name": "sol_5",
			"from": [0.5, 7.5, 1.5],
			"to": [1.5, 8.5, 2.5],
			"faces": {
				"north": {"uv": [8, 4, 8.5, 4.5], "texture": "#0"},
				"east": {"uv": [8, 0.5, 8.5, 1], "texture": "#0"},
				"south": {"uv": [8, 3, 8.5, 3.5], "texture": "#0"},
				"west": {"uv": [8, 3.5, 8.5, 4], "texture": "#0"},
				"up": {"uv": [8.5, 5, 8, 4.5], "rotation": 90, "texture": "#0"},
				"down": {"uv": [8.5, 5, 8, 5.5], "rotation": 270, "texture": "#0"}
			}
		},
		{
			"name": "sol_2",
			"from": [0.5, 7.5, 13.5],
			"to": [1.5, 8.5, 14.5],
			"rotation": {"angle": 0, "axis": "y", "origin": [9.5, 15.5, 6.5]},
			"faces": {
				"north": {"uv": [8, 5.5, 8.5, 6], "texture": "#0"},
				"east": {"uv": [8, 6, 8.5, 6.5], "texture": "#0"},
				"south": {"uv": [8, 6.5, 8.5, 7], "texture": "#0"},
				"west": {"uv": [8, 7, 8.5, 7.5], "texture": "#0"},
				"up": {"uv": [8.5, 8, 8, 7.5], "texture": "#0"},
				"down": {"uv": [0.5, 8.5, 0, 9], "texture": "#0"}
			}
		},
		{
			"name": "sol_3",
			"from": [13.5, 7.5, 14.5],
			"to": [14.5, 8.5, 15.5],
			"faces": {
				"north": {"uv": [8, 6, 8.5, 6.5], "texture": "#0"},
				"east": {"uv": [8, 6.5, 8.5, 7], "texture": "#0"},
				"south": {"uv": [8, 7, 8.5, 7.5], "texture": "#0"},
				"west": {"uv": [8, 5.5, 8.5, 6], "texture": "#0"},
				"up": {"uv": [8.5, 8, 8, 7.5], "rotation": 270, "texture": "#0"},
				"down": {"uv": [0.5, 8.5, 0, 9], "rotation": 90, "texture": "#0"}
			}
		},
		{
			"name": "sol_4",
			"from": [14.5, 7.5, 1.5],
			"to": [15.5, 8.5, 2.5],
			"faces": {
				"north": {"uv": [8, 6.5, 8.5, 7], "texture": "#0"},
				"east": {"uv": [8, 7, 8.5, 7.5], "texture": "#0"},
				"south": {"uv": [8, 5.5, 8.5, 6], "texture": "#0"},
				"west": {"uv": [8, 6, 8.5, 6.5], "texture": "#0"},
				"up": {"uv": [8.5, 8, 8, 7.5], "rotation": 180, "texture": "#0"},
				"down": {"uv": [0.5, 8.5, 0, 9], "rotation": 180, "texture": "#0"}
			}
		},
		{
			"name": "sol_5",
			"from": [1.5, 7.5, 0.5],
			"to": [2.5, 8.5, 1.5],
			"faces": {
				"north": {"uv": [8, 7, 8.5, 7.5], "texture": "#0"},
				"east": {"uv": [8, 5.5, 8.5, 6], "texture": "#0"},
				"south": {"uv": [8, 6, 8.5, 6.5], "texture": "#0"},
				"west": {"uv": [8, 6.5, 8.5, 7], "texture": "#0"},
				"up": {"uv": [8.5, 8, 8, 7.5], "rotation": 90, "texture": "#0"},
				"down": {"uv": [0.5, 8.5, 0, 9], "rotation": 270, "texture": "#0"}
			}
		},
		{
			"from": [-6.5, 7.5, 6.5],
			"to": [-3.5, 8.5, 9.5],
			"rotation": {"angle": 0, "axis": "y", "origin": [1.5, 15.5, 14.5]},
			"faces": {
				"north": {"uv": [3, 6, 4.5, 6.5], "texture": "#0"},
				"east": {"uv": [4.5, 6, 6, 6.5], "texture": "#0"},
				"south": {"uv": [6, 6, 7.5, 6.5], "texture": "#0"},
				"west": {"uv": [6, 1, 7.5, 1.5], "texture": "#0"},
				"up": {"uv": [1.5, 1.5, 0, 0], "texture": "#0"},
				"down": {"uv": [1.5, 1.5, 0, 3], "texture": "#0"}
			}
		},
		{
			"from": [6.5, 7.5, 19.5],
			"to": [9.5, 8.5, 22.5],
			"faces": {
				"north": {"uv": [4.5, 6, 6, 6.5], "texture": "#0"},
				"east": {"uv": [6, 6, 7.5, 6.5], "texture": "#0"},
				"south": {"uv": [6, 1, 7.5, 1.5], "texture": "#0"},
				"west": {"uv": [3, 6, 4.5, 6.5], "texture": "#0"},
				"up": {"uv": [1.5, 1.5, 0, 0], "rotation": 270, "texture": "#0"},
				"down": {"uv": [1.5, 1.5, 0, 3], "rotation": 90, "texture": "#0"}
			}
		},
		{
			"from": [19.5, 7.5, 6.5],
			"to": [22.5, 8.5, 9.5],
			"faces": {
				"north": {"uv": [6, 6, 7.5, 6.5], "texture": "#0"},
				"east": {"uv": [6, 1, 7.5, 1.5], "texture": "#0"},
				"south": {"uv": [3, 6, 4.5, 6.5], "texture": "#0"},
				"west": {"uv": [4.5, 6, 6, 6.5], "texture": "#0"},
				"up": {"uv": [1.5, 1.5, 0, 0], "rotation": 180, "texture": "#0"},
				"down": {"uv": [1.5, 1.5, 0, 3], "rotation": 180, "texture": "#0"}
			}
		},
		{
			"from": [6.5, 7.5, -6.5],
			"to": [9.5, 8.5, -3.5],
			"faces": {
				"north": {"uv": [6, 1, 7.5, 1.5], "texture": "#0"},
				"east": {"uv": [3, 6, 4.5, 6.5], "texture": "#0"},
				"south": {"uv": [4.5, 6, 6, 6.5], "texture": "#0"},
				"west": {"uv": [6, 6, 7.5, 6.5], "texture": "#0"},
				"up": {"uv": [1.5, 1.5, 0, 0], "rotation": 90, "texture": "#0"},
				"down": {"uv": [1.5, 1.5, 0, 3], "rotation": 270, "texture": "#0"}
			}
		},
		{
			"from": [-5.5, 7.5, 5.5],
			"to": [-2.5, 8.5, 6.5],
			"rotation": {"angle": 0, "axis": "y", "origin": [2.5, 15.5, 13.5]},
			"faces": {
				"north": {"uv": [6, 1.5, 7.5, 2], "texture": "#0"},
				"east": {"uv": [0.5, 8.5, 1, 9], "texture": "#0"},
				"south": {"uv": [6, 2, 7.5, 2.5], "texture": "#0"},
				"west": {"uv": [1, 8.5, 1.5, 9], "texture": "#0"},
				"up": {"uv": [7.5, 3, 6, 2.5], "texture": "#0"},
				"down": {"uv": [7.5, 3.5, 6, 4], "texture": "#0"}
			}
		},
		{
			"from": [5.5, 7.5, 18.5],
			"to": [6.5, 8.5, 21.5],
			"faces": {
				"north": {"uv": [0.5, 8.5, 1, 9], "texture": "#0"},
				"east": {"uv": [6, 2, 7.5, 2.5], "texture": "#0"},
				"south": {"uv": [1, 8.5, 1.5, 9], "texture": "#0"},
				"west": {"uv": [6, 1.5, 7.5, 2], "texture": "#0"},
				"up": {"uv": [7.5, 3, 6, 2.5], "rotation": 270, "texture": "#0"},
				"down": {"uv": [7.5, 3.5, 6, 4], "rotation": 90, "texture": "#0"}
			}
		},
		{
			"from": [18.5, 7.5, 9.5],
			"to": [21.5, 8.5, 10.5],
			"faces": {
				"north": {"uv": [6, 2, 7.5, 2.5], "texture": "#0"},
				"east": {"uv": [1, 8.5, 1.5, 9], "texture": "#0"},
				"south": {"uv": [6, 1.5, 7.5, 2], "texture": "#0"},
				"west": {"uv": [0.5, 8.5, 1, 9], "texture": "#0"},
				"up": {"uv": [7.5, 3, 6, 2.5], "rotation": 180, "texture": "#0"},
				"down": {"uv": [7.5, 3.5, 6, 4], "rotation": 180, "texture": "#0"}
			}
		},
		{
			"from": [9.5, 7.5, -5.5],
			"to": [10.5, 8.5, -2.5],
			"faces": {
				"north": {"uv": [1, 8.5, 1.5, 9], "texture": "#0"},
				"east": {"uv": [6, 1.5, 7.5, 2], "texture": "#0"},
				"south": {"uv": [0.5, 8.5, 1, 9], "texture": "#0"},
				"west": {"uv": [6, 2, 7.5, 2.5], "texture": "#0"},
				"up": {"uv": [7.5, 3, 6, 2.5], "rotation": 90, "texture": "#0"},
				"down": {"uv": [7.5, 3.5, 6, 4], "rotation": 270, "texture": "#0"}
			}
		},
		{
			"from": [-5.5, 7.5, 9.5],
			"to": [-2.5, 8.5, 10.5],
			"rotation": {"angle": 0, "axis": "y", "origin": [2.5, 15.5, 17.5]},
			"faces": {
				"north": {"uv": [6, 4, 7.5, 4.5], "texture": "#0"},
				"east": {"uv": [1.5, 8.5, 2, 9], "texture": "#0"},
				"south": {"uv": [6, 5, 7.5, 5.5], "texture": "#0"},
				"west": {"uv": [2, 8.5, 2.5, 9], "texture": "#0"},
				"up": {"uv": [7.5, 6, 6, 5.5], "texture": "#0"},
				"down": {"uv": [1.5, 6.5, 0, 7], "texture": "#0"}
			}
		},
		{
			"from": [9.5, 7.5, 18.5],
			"to": [10.5, 8.5, 21.5],
			"faces": {
				"north": {"uv": [1.5, 8.5, 2, 9], "texture": "#0"},
				"east": {"uv": [6, 5, 7.5, 5.5], "texture": "#0"},
				"south": {"uv": [2, 8.5, 2.5, 9], "texture": "#0"},
				"west": {"uv": [6, 4, 7.5, 4.5], "texture": "#0"},
				"up": {"uv": [7.5, 6, 6, 5.5], "rotation": 270, "texture": "#0"},
				"down": {"uv": [1.5, 6.5, 0, 7], "rotation": 90, "texture": "#0"}
			}
		},
		{
			"from": [18.5, 7.5, 5.5],
			"to": [21.5, 8.5, 6.5],
			"faces": {
				"north": {"uv": [6, 5, 7.5, 5.5], "texture": "#0"},
				"east": {"uv": [2, 8.5, 2.5, 9], "texture": "#0"},
				"south": {"uv": [6, 4, 7.5, 4.5], "texture": "#0"},
				"west": {"uv": [1.5, 8.5, 2, 9], "texture": "#0"},
				"up": {"uv": [7.5, 6, 6, 5.5], "rotation": 180, "texture": "#0"},
				"down": {"uv": [1.5, 6.5, 0, 7], "rotation": 180, "texture": "#0"}
			}
		},
		{
			"from": [5.5, 7.5, -5.5],
			"to": [6.5, 8.5, -2.5],
			"faces": {
				"north": {"uv": [2, 8.5, 2.5, 9], "texture": "#0"},
				"east": {"uv": [6, 4, 7.5, 4.5], "texture": "#0"},
				"south": {"uv": [1.5, 8.5, 2, 9], "texture": "#0"},
				"west": {"uv": [6, 5, 7.5, 5.5], "texture": "#0"},
				"up": {"uv": [7.5, 6, 6, 5.5], "rotation": 90, "texture": "#0"},
				"down": {"uv": [1.5, 6.5, 0, 7], "rotation": 270, "texture": "#0"}
			}
		},
		{
			"from": [-4.5, 7.5, 4.5],
			"to": [-2.5, 8.5, 5.5],
			"rotation": {"angle": 0, "axis": "y", "origin": [3.5, 15.5, 12.5]},
			"faces": {
				"north": {"uv": [4, 7.5, 5, 8], "texture": "#0"},
				"east": {"uv": [2.5, 8.5, 3, 9], "texture": "#0"},
				"south": {"uv": [5, 7.5, 6, 8], "texture": "#0"},
				"west": {"uv": [3, 8.5, 3.5, 9], "texture": "#0"},
				"up": {"uv": [7, 8, 6, 7.5], "texture": "#0"},
				"down": {"uv": [8, 7.5, 7, 8], "texture": "#0"}
			}
		},
		{
			"from": [4.5, 7.5, 18.5],
			"to": [5.5, 8.5, 20.5],
			"faces": {
				"north": {"uv": [2.5, 8.5, 3, 9], "texture": "#0"},
				"east": {"uv": [5, 7.5, 6, 8], "texture": "#0"},
				"south": {"uv": [3, 8.5, 3.5, 9], "texture": "#0"},
				"west": {"uv": [4, 7.5, 5, 8], "texture": "#0"},
				"up": {"uv": [7, 8, 6, 7.5], "rotation": 270, "texture": "#0"},
				"down": {"uv": [8, 7.5, 7, 8], "rotation": 90, "texture": "#0"}
			}
		},
		{
			"from": [18.5, 7.5, 10.5],
			"to": [20.5, 8.5, 11.5],
			"faces": {
				"north": {"uv": [5, 7.5, 6, 8], "texture": "#0"},
				"east": {"uv": [3, 8.5, 3.5, 9], "texture": "#0"},
				"south": {"uv": [4, 7.5, 5, 8], "texture": "#0"},
				"west": {"uv": [2.5, 8.5, 3, 9], "texture": "#0"},
				"up": {"uv": [7, 8, 6, 7.5], "rotation": 180, "texture": "#0"},
				"down": {"uv": [8, 7.5, 7, 8], "rotation": 180, "texture": "#0"}
			}
		},
		{
			"from": [10.5, 7.5, -4.5],
			"to": [11.5, 8.5, -2.5],
			"faces": {
				"north": {"uv": [3, 8.5, 3.5, 9], "texture": "#0"},
				"east": {"uv": [4, 7.5, 5, 8], "texture": "#0"},
				"south": {"uv": [2.5, 8.5, 3, 9], "texture": "#0"},
				"west": {"uv": [5, 7.5, 6, 8], "texture": "#0"},
				"up": {"uv": [7, 8, 6, 7.5], "rotation": 90, "texture": "#0"},
				"down": {"uv": [8, 7.5, 7, 8], "rotation": 270, "texture": "#0"}
			}
		},
		{
			"from": [-4.5, 7.5, 10.5],
			"to": [-2.5, 8.5, 11.5],
			"rotation": {"angle": 0, "axis": "y", "origin": [3.5, 15.5, 18.5]},
			"faces": {
				"north": {"uv": [7.5, 1, 8.5, 1.5], "texture": "#0"},
				"east": {"uv": [3.5, 8.5, 4, 9], "texture": "#0"},
				"south": {"uv": [7.5, 1.5, 8.5, 2], "texture": "#0"},
				"west": {"uv": [4, 8.5, 4.5, 9], "texture": "#0"},
				"up": {"uv": [8.5, 2.5, 7.5, 2], "texture": "#0"},
				"down": {"uv": [8.5, 2.5, 7.5, 3], "texture": "#0"}
			}
		},
		{
			"from": [10.5, 7.5, 18.5],
			"to": [11.5, 8.5, 20.5],
			"faces": {
				"north": {"uv": [3.5, 8.5, 4, 9], "texture": "#0"},
				"east": {"uv": [7.5, 1.5, 8.5, 2], "texture": "#0"},
				"south": {"uv": [4, 8.5, 4.5, 9], "texture": "#0"},
				"west": {"uv": [7.5, 1, 8.5, 1.5], "texture": "#0"},
				"up": {"uv": [8.5, 2.5, 7.5, 2], "rotation": 270, "texture": "#0"},
				"down": {"uv": [8.5, 2.5, 7.5, 3], "rotation": 90, "texture": "#0"}
			}
		},
		{
			"from": [18.5, 7.5, 4.5],
			"to": [20.5, 8.5, 5.5],
			"faces": {
				"north": {"uv": [7.5, 1.5, 8.5, 2], "texture": "#0"},
				"east": {"uv": [4, 8.5, 4.5, 9], "texture": "#0"},
				"south": {"uv": [7.5, 1, 8.5, 1.5], "texture": "#0"},
				"west": {"uv": [3.5, 8.5, 4, 9], "texture": "#0"},
				"up": {"uv": [8.5, 2.5, 7.5, 2], "rotation": 180, "texture": "#0"},
				"down": {"uv": [8.5, 2.5, 7.5, 3], "rotation": 180, "texture": "#0"}
			}
		},
		{
			"from": [4.5, 7.5, -4.5],
			"to": [5.5, 8.5, -2.5],
			"faces": {
				"north": {"uv": [4, 8.5, 4.5, 9], "texture": "#0"},
				"east": {"uv": [7.5, 1, 8.5, 1.5], "texture": "#0"},
				"south": {"uv": [3.5, 8.5, 4, 9], "texture": "#0"},
				"west": {"uv": [7.5, 1.5, 8.5, 2], "texture": "#0"},
				"up": {"uv": [8.5, 2.5, 7.5, 2], "rotation": 90, "texture": "#0"},
				"down": {"uv": [8.5, 2.5, 7.5, 3], "rotation": 270, "texture": "#0"}
			}
		},
		{
			"from": [-4.5, 7.5, 14.5],
			"to": [-3.5, 8.5, 18.5],
			"rotation": {"angle": 0, "axis": "y", "origin": [3.5, 15.5, 22.5]},
			"faces": {
				"north": {"uv": [4.5, 8.5, 5, 9], "texture": "#0"},
				"east": {"uv": [2, 3.5, 4, 4], "texture": "#0"},
				"south": {"uv": [5, 8.5, 5.5, 9], "texture": "#0"},
				"west": {"uv": [2, 4, 4, 4.5], "texture": "#0"},
				"up": {"uv": [4.5, 6, 4, 4], "texture": "#0"},
				"down": {"uv": [4.5, 1, 4, 3], "texture": "#0"}
			}
		},
		{
			"from": [14.5, 7.5, 19.5],
			"to": [18.5, 8.5, 20.5],
			"faces": {
				"north": {"uv": [2, 3.5, 4, 4], "texture": "#0"},
				"east": {"uv": [5, 8.5, 5.5, 9], "texture": "#0"},
				"south": {"uv": [2, 4, 4, 4.5], "texture": "#0"},
				"west": {"uv": [4.5, 8.5, 5, 9], "texture": "#0"},
				"up": {"uv": [4.5, 6, 4, 4], "rotation": 270, "texture": "#0"},
				"down": {"uv": [4.5, 1, 4, 3], "rotation": 90, "texture": "#0"}
			}
		},
		{
			"from": [19.5, 7.5, -2.5],
			"to": [20.5, 8.5, 1.5],
			"faces": {
				"north": {"uv": [5, 8.5, 5.5, 9], "texture": "#0"},
				"east": {"uv": [2, 4, 4, 4.5], "texture": "#0"},
				"south": {"uv": [4.5, 8.5, 5, 9], "texture": "#0"},
				"west": {"uv": [2, 3.5, 4, 4], "texture": "#0"},
				"up": {"uv": [4.5, 6, 4, 4], "rotation": 180, "texture": "#0"},
				"down": {"uv": [4.5, 1, 4, 3], "rotation": 180, "texture": "#0"}
			}
		},
		{
			"from": [-2.5, 7.5, -4.5],
			"to": [1.5, 8.5, -3.5],
			"faces": {
				"north": {"uv": [2, 4, 4, 4.5], "texture": "#0"},
				"east": {"uv": [4.5, 8.5, 5, 9], "texture": "#0"},
				"south": {"uv": [2, 3.5, 4, 4], "texture": "#0"},
				"west": {"uv": [5, 8.5, 5.5, 9], "texture": "#0"},
				"up": {"uv": [4.5, 6, 4, 4], "rotation": 90, "texture": "#0"},
				"down": {"uv": [4.5, 1, 4, 3], "rotation": 270, "texture": "#0"}
			}
		},
		{
			"from": [-2.5, 7.5, 19.5],
			"to": [1.5, 8.5, 20.5],
			"rotation": {"angle": 0, "axis": "y", "origin": [5.5, 15.5, 27.5]},
			"faces": {
				"north": {"uv": [4, 3.5, 6, 4], "texture": "#0"},
				"east": {"uv": [5.5, 8.5, 6, 9], "texture": "#0"},
				"south": {"uv": [0, 4.5, 2, 5], "texture": "#0"},
				"west": {"uv": [6, 8.5, 6.5, 9], "texture": "#0"},
				"up": {"uv": [4, 5, 2, 4.5], "texture": "#0"},
				"down": {"uv": [6.5, 4.5, 4.5, 5], "texture": "#0"}
			}
		},
		{
			"from": [19.5, 7.5, 14.5],
			"to": [20.5, 8.5, 18.5],
			"faces": {
				"north": {"uv": [5.5, 8.5, 6, 9], "texture": "#0"},
				"east": {"uv": [0, 4.5, 2, 5], "texture": "#0"},
				"south": {"uv": [6, 8.5, 6.5, 9], "texture": "#0"},
				"west": {"uv": [4, 3.5, 6, 4], "texture": "#0"},
				"up": {"uv": [4, 5, 2, 4.5], "rotation": 270, "texture": "#0"},
				"down": {"uv": [6.5, 4.5, 4.5, 5], "rotation": 90, "texture": "#0"}
			}
		},
		{
			"from": [14.5, 7.5, -4.5],
			"to": [18.5, 8.5, -3.5],
			"faces": {
				"north": {"uv": [0, 4.5, 2, 5], "texture": "#0"},
				"east": {"uv": [6, 8.5, 6.5, 9], "texture": "#0"},
				"south": {"uv": [4, 3.5, 6, 4], "texture": "#0"},
				"west": {"uv": [5.5, 8.5, 6, 9], "texture": "#0"},
				"up": {"uv": [4, 5, 2, 4.5], "rotation": 180, "texture": "#0"},
				"down": {"uv": [6.5, 4.5, 4.5, 5], "rotation": 180, "texture": "#0"}
			}
		},
		{
			"from": [-4.5, 7.5, -2.5],
			"to": [-3.5, 8.5, 1.5],
			"faces": {
				"north": {"uv": [6, 8.5, 6.5, 9], "texture": "#0"},
				"east": {"uv": [4, 3.5, 6, 4], "texture": "#0"},
				"south": {"uv": [5.5, 8.5, 6, 9], "texture": "#0"},
				"west": {"uv": [0, 4.5, 2, 5], "texture": "#0"},
				"up": {"uv": [4, 5, 2, 4.5], "rotation": 90, "texture": "#0"},
				"down": {"uv": [6.5, 4.5, 4.5, 5], "rotation": 270, "texture": "#0"}
			}
		},
		{
			"from": [-5.5, 7.5, 18.5],
			"to": [-2.5, 8.5, 21.5],
			"rotation": {"angle": 0, "axis": "y", "origin": [2.5, 15.5, 26.5]},
			"faces": {
				"north": {"uv": [1.5, 6.5, 3, 7], "texture": "#0"},
				"east": {"uv": [3, 6.5, 4.5, 7], "texture": "#0"},
				"south": {"uv": [4.5, 6.5, 6, 7], "texture": "#0"},
				"west": {"uv": [6, 6.5, 7.5, 7], "texture": "#0"},
				"up": {"uv": [3, 3, 1.5, 1.5], "texture": "#0"},
				"down": {"uv": [3, 0, 1.5, 1.5], "texture": "#0"}
			}
		},
		{
			"from": [18.5, 7.5, 18.5],
			"to": [21.5, 8.5, 21.5],
			"faces": {
				"north": {"uv": [3, 6.5, 4.5, 7], "texture": "#0"},
				"east": {"uv": [4.5, 6.5, 6, 7], "texture": "#0"},
				"south": {"uv": [6, 6.5, 7.5, 7], "texture": "#0"},
				"west": {"uv": [1.5, 6.5, 3, 7], "texture": "#0"},
				"up": {"uv": [3, 3, 1.5, 1.5], "rotation": 270, "texture": "#0"},
				"down": {"uv": [3, 0, 1.5, 1.5], "rotation": 90, "texture": "#0"}
			}
		},
		{
			"from": [18.5, 7.5, -5.5],
			"to": [21.5, 8.5, -2.5],
			"faces": {
				"north": {"uv": [4.5, 6.5, 6, 7], "texture": "#0"},
				"east": {"uv": [6, 6.5, 7.5, 7], "texture": "#0"},
				"south": {"uv": [1.5, 6.5, 3, 7], "texture": "#0"},
				"west": {"uv": [3, 6.5, 4.5, 7], "texture": "#0"},
				"up": {"uv": [3, 3, 1.5, 1.5], "rotation": 180, "texture": "#0"},
				"down": {"uv": [3, 0, 1.5, 1.5], "rotation": 180, "texture": "#0"}
			}
		},
		{
			"from": [-5.5, 7.5, -5.5],
			"to": [-2.5, 8.5, -2.5],
			"faces": {
				"north": {"uv": [6, 6.5, 7.5, 7], "texture": "#0"},
				"east": {"uv": [1.5, 6.5, 3, 7], "texture": "#0"},
				"south": {"uv": [3, 6.5, 4.5, 7], "texture": "#0"},
				"west": {"uv": [4.5, 6.5, 6, 7], "texture": "#0"},
				"up": {"uv": [3, 3, 1.5, 1.5], "rotation": 90, "texture": "#0"},
				"down": {"uv": [3, 0, 1.5, 1.5], "rotation": 270, "texture": "#0"}
			}
		},
		{
			"from": [-3.5, 7.5, 15.5],
			"to": [-2.5, 8.5, 18.5],
			"rotation": {"angle": 0, "axis": "y", "origin": [4.5, 15.5, 23.5]},
			"faces": {
				"north": {"uv": [6.5, 8.5, 7, 9], "texture": "#0"},
				"east": {"uv": [6.5, 3, 8, 3.5], "texture": "#0"},
				"south": {"uv": [7, 8.5, 7.5, 9], "texture": "#0"},
				"west": {"uv": [6.5, 4.5, 8, 5], "texture": "#0"},
				"up": {"uv": [0.5, 8.5, 0, 7], "texture": "#0"},
				"down": {"uv": [1, 7, 0.5, 8.5], "texture": "#0"}
			}
		},
		{
			"from": [15.5, 7.5, 18.5],
			"to": [18.5, 8.5, 19.5],
			"faces": {
				"north": {"uv": [6.5, 3, 8, 3.5], "texture": "#0"},
				"east": {"uv": [7, 8.5, 7.5, 9], "texture": "#0"},
				"south": {"uv": [6.5, 4.5, 8, 5], "texture": "#0"},
				"west": {"uv": [6.5, 8.5, 7, 9], "texture": "#0"},
				"up": {"uv": [0.5, 8.5, 0, 7], "rotation": 270, "texture": "#0"},
				"down": {"uv": [1, 7, 0.5, 8.5], "rotation": 90, "texture": "#0"}
			}
		},
		{
			"from": [18.5, 7.5, -2.5],
			"to": [19.5, 8.5, 0.5],
			"faces": {
				"north": {"uv": [7, 8.5, 7.5, 9], "texture": "#0"},
				"east": {"uv": [6.5, 4.5, 8, 5], "texture": "#0"},
				"south": {"uv": [6.5, 8.5, 7, 9], "texture": "#0"},
				"west": {"uv": [6.5, 3, 8, 3.5], "texture": "#0"},
				"up": {"uv": [0.5, 8.5, 0, 7], "rotation": 180, "texture": "#0"},
				"down": {"uv": [1, 7, 0.5, 8.5], "rotation": 180, "texture": "#0"}
			}
		},
		{
			"from": [-2.5, 7.5, -3.5],
			"to": [0.5, 8.5, -2.5],
			"faces": {
				"north": {"uv": [6.5, 4.5, 8, 5], "texture": "#0"},
				"east": {"uv": [6.5, 8.5, 7, 9], "texture": "#0"},
				"south": {"uv": [6.5, 3, 8, 3.5], "texture": "#0"},
				"west": {"uv": [7, 8.5, 7.5, 9], "texture": "#0"},
				"up": {"uv": [0.5, 8.5, 0, 7], "rotation": 90, "texture": "#0"},
				"down": {"uv": [1, 7, 0.5, 8.5], "rotation": 270, "texture": "#0"}
			}
		},
		{
			"from": [-2.5, 7.5, 18.5],
			"to": [0.5, 8.5, 19.5],
			"rotation": {"angle": 0, "axis": "y", "origin": [5.5, 15.5, 26.5]},
			"faces": {
				"north": {"uv": [1, 7, 2.5, 7.5], "texture": "#0"},
				"east": {"uv": [7.5, 8.5, 8, 9], "texture": "#0"},
				"south": {"uv": [2.5, 7, 4, 7.5], "texture": "#0"},
				"west": {"uv": [8, 8.5, 8.5, 9], "texture": "#0"},
				"up": {"uv": [5.5, 7.5, 4, 7], "texture": "#0"},
				"down": {"uv": [7, 7, 5.5, 7.5], "texture": "#0"}
			}
		},
		{
			"from": [18.5, 7.5, 15.5],
			"to": [19.5, 8.5, 18.5],
			"faces": {
				"north": {"uv": [7.5, 8.5, 8, 9], "texture": "#0"},
				"east": {"uv": [2.5, 7, 4, 7.5], "texture": "#0"},
				"south": {"uv": [8, 8.5, 8.5, 9], "texture": "#0"},
				"west": {"uv": [1, 7, 2.5, 7.5], "texture": "#0"},
				"up": {"uv": [5.5, 7.5, 4, 7], "rotation": 270, "texture": "#0"},
				"down": {"uv": [7, 7, 5.5, 7.5], "rotation": 90, "texture": "#0"}
			}
		},
		{
			"from": [15.5, 7.5, -3.5],
			"to": [18.5, 8.5, -2.5],
			"faces": {
				"north": {"uv": [2.5, 7, 4, 7.5], "texture": "#0"},
				"east": {"uv": [8, 8.5, 8.5, 9], "texture": "#0"},
				"south": {"uv": [1, 7, 2.5, 7.5], "texture": "#0"},
				"west": {"uv": [7.5, 8.5, 8, 9], "texture": "#0"},
				"up": {"uv": [5.5, 7.5, 4, 7], "rotation": 180, "texture": "#0"},
				"down": {"uv": [7, 7, 5.5, 7.5], "rotation": 180, "texture": "#0"}
			}
		},
		{
			"from": [-3.5, 7.5, -2.5],
			"to": [-2.5, 8.5, 0.5],
			"faces": {
				"north": {"uv": [8, 8.5, 8.5, 9], "texture": "#0"},
				"east": {"uv": [1, 7, 2.5, 7.5], "texture": "#0"},
				"south": {"uv": [7.5, 8.5, 8, 9], "texture": "#0"},
				"west": {"uv": [2.5, 7, 4, 7.5], "texture": "#0"},
				"up": {"uv": [5.5, 7.5, 4, 7], "rotation": 90, "texture": "#0"},
				"down": {"uv": [7, 7, 5.5, 7.5], "rotation": 270, "texture": "#0"}
			}
		},
		{
			"from": [-2.5, 7.5, 17.5],
			"to": [-1.5, 8.5, 18.5],
			"rotation": {"angle": 0, "axis": "y", "origin": [5.5, 15.5, 25.5]},
			"faces": {
				"north": {"uv": [8.5, 8.5, 9, 9], "texture": "#0"},
				"east": {"uv": [8.5, 0, 9, 0.5], "texture": "#0"},
				"south": {"uv": [8.5, 0.5, 9, 1], "texture": "#0"},
				"west": {"uv": [8.5, 1, 9, 1.5], "texture": "#0"},
				"up": {"uv": [9, 2, 8.5, 1.5], "texture": "#0"},
				"down": {"uv": [9, 2, 8.5, 2.5], "texture": "#0"}
			}
		},
		{
			"from": [17.5, 7.5, 17.5],
			"to": [18.5, 8.5, 18.5],
			"faces": {
				"north": {"uv": [8.5, 0, 9, 0.5], "texture": "#0"},
				"east": {"uv": [8.5, 0.5, 9, 1], "texture": "#0"},
				"south": {"uv": [8.5, 1, 9, 1.5], "texture": "#0"},
				"west": {"uv": [8.5, 8.5, 9, 9], "texture": "#0"},
				"up": {"uv": [9, 2, 8.5, 1.5], "rotation": 270, "texture": "#0"},
				"down": {"uv": [9, 2, 8.5, 2.5], "rotation": 90, "texture": "#0"}
			}
		},
		{
			"from": [17.5, 7.5, -2.5],
			"to": [18.5, 8.5, -1.5],
			"faces": {
				"north": {"uv": [8.5, 0.5, 9, 1], "texture": "#0"},
				"east": {"uv": [8.5, 1, 9, 1.5], "texture": "#0"},
				"south": {"uv": [8.5, 8.5, 9, 9], "texture": "#0"},
				"west": {"uv": [8.5, 0, 9, 0.5], "texture": "#0"},
				"up": {"uv": [9, 2, 8.5, 1.5], "rotation": 180, "texture": "#0"},
				"down": {"uv": [9, 2, 8.5, 2.5], "rotation": 180, "texture": "#0"}
			}
		},
		{
			"from": [-2.5, 7.5, -2.5],
			"to": [-1.5, 8.5, -1.5],
			"faces": {
				"north": {"uv": [8.5, 1, 9, 1.5], "texture": "#0"},
				"east": {"uv": [8.5, 8.5, 9, 9], "texture": "#0"},
				"south": {"uv": [8.5, 0, 9, 0.5], "texture": "#0"},
				"west": {"uv": [8.5, 0.5, 9, 1], "texture": "#0"},
				"up": {"uv": [9, 2, 8.5, 1.5], "rotation": 90, "texture": "#0"},
				"down": {"uv": [9, 2, 8.5, 2.5], "rotation": 270, "texture": "#0"}
			}
		}
	],
	"display": {
		"head": {
			"translation": [0, -6, 0],
			"scale": [2.5, 2.5, 2.5]
		}
	}
}