{
	"credit": "Made with Blockbench",
	"texture_size": [32, 32],
	"textures": {
		"0": "custom_item/terra_blade"
	},
	"elements": [
		{
			"from": [6.5, 2, 5],
			"to": [9.5, 4, 11],
			"rotation": {"angle": 0, "axis": "y", "origin": [7, 2, 9]},
			"faces": {
				"north": {"uv": [1.5, 0, 3, 1], "texture": "#0"},
				"east": {"uv": [5, 5, 8, 6], "texture": "#0"},
				"south": {"uv": [6.5, 6.5, 8, 7.5], "texture": "#0"},
				"west": {"uv": [5, 0, 8, 1], "texture": "#0"},
				"up": {"uv": [0, 0, 1.5, 3], "texture": "#0"},
				"down": {"uv": [1.5, 1.5, 3, 4.5], "texture": "#0"}
			}
		},
		{
			"name": "hilt",
			"from": [7, -7, 7],
			"to": [9, 1, 9],
			"rotation": {"angle": 0, "axis": "y", "origin": [7, 1, 8]},
			"faces": {
				"north": {"uv": [0, 3, 1, 7], "texture": "#0"},
				"east": {"uv": [3, 3, 4, 7], "texture": "#0"},
				"south": {"uv": [4, 4, 5, 8], "texture": "#0"},
				"west": {"uv": [4, 0, 5, 4], "texture": "#0"},
				"up": {"uv": [11, 0, 12, 1], "texture": "#0"},
				"down": {"uv": [11, 6.5, 12, 7.5], "texture": "#0"}
			}
		},
		{
			"name": "hilt",
			"from": [7, -8, 8],
			"to": [9, -7, 9],
			"rotation": {"angle": 0, "axis": "y", "origin": [7, 1, 8]},
			"faces": {
				"north": {"uv": [8, 7.5, 9, 8], "texture": "#0"},
				"east": {"uv": [8.5, 9.5, 9, 10], "texture": "#0"},
				"south": {"uv": [12.5, 5, 13.5, 5.5], "texture": "#0"},
				"west": {"uv": [11, 10.5, 11.5, 11], "texture": "#0"},
				"up": {"uv": [12.5, 5.5, 13.5, 6], "texture": "#0"},
				"down": {"uv": [12.5, 11.5, 13.5, 12], "texture": "#0"}
			}
		},
		{
			"name": "hilt",
			"from": [7, -7, 9],
			"to": [9, -5, 10],
			"rotation": {"angle": 0, "axis": "y", "origin": [7, 2, 9]},
			"faces": {
				"north": {"uv": [11, 7.5, 12, 8.5], "texture": "#0"},
				"east": {"uv": [7.5, 3, 8, 4], "texture": "#0"},
				"south": {"uv": [11, 8.5, 12, 9.5], "texture": "#0"},
				"west": {"uv": [3.5, 8.5, 4, 9.5], "texture": "#0"},
				"up": {"uv": [12.5, 12, 13.5, 12.5], "texture": "#0"},
				"down": {"uv": [13, 1.5, 14, 2], "texture": "#0"}
			}
		},
		{
			"name": "hilt",
			"from": [7, 1, 6],
			"to": [9, 2, 10],
			"rotation": {"angle": 0, "axis": "y", "origin": [7, 2, 8]},
			"faces": {
				"north": {"uv": [13, 2, 14, 2.5], "texture": "#0"},
				"east": {"uv": [10.5, 10, 12.5, 10.5], "texture": "#0"},
				"south": {"uv": [13, 3.5, 14, 4], "texture": "#0"},
				"west": {"uv": [11, 9.5, 13, 10], "texture": "#0"},
				"up": {"uv": [2, 4.5, 3, 6.5], "texture": "#0"},
				"down": {"uv": [5, 1, 6, 3], "texture": "#0"}
			}
		},
		{
			"from": [7, 1, 3],
			"to": [9, 2, 4],
			"rotation": {"angle": 0, "axis": "y", "origin": [7.5, 2, 8]},
			"faces": {
				"north": {"uv": [13, 4, 14, 4.5], "texture": "#0"},
				"east": {"uv": [11.5, 6, 12, 6.5], "texture": "#0"},
				"south": {"uv": [13, 4.5, 14, 5], "texture": "#0"},
				"west": {"uv": [8, 13.5, 8.5, 14], "texture": "#0"},
				"up": {"uv": [13, 6, 14, 6.5], "texture": "#0"},
				"down": {"uv": [13, 6.5, 14, 7], "texture": "#0"}
			}
		},
		{
			"from": [7, 0, 4],
			"to": [9, 3, 5],
			"rotation": {"angle": 0, "axis": "y", "origin": [7.5, 2, 8]},
			"faces": {
				"north": {"uv": [6.5, 1, 7.5, 2.5], "texture": "#0"},
				"east": {"uv": [1, 3, 1.5, 4.5], "texture": "#0"},
				"south": {"uv": [6.5, 2.5, 7.5, 4], "texture": "#0"},
				"west": {"uv": [12, 8, 12.5, 9.5], "texture": "#0"},
				"up": {"uv": [13, 7, 14, 7.5], "texture": "#0"},
				"down": {"uv": [13, 7.5, 14, 8], "texture": "#0"}
			}
		},
		{
			"from": [7, 1, 12],
			"to": [9, 2, 13],
			"rotation": {"angle": 0, "axis": "y", "origin": [7.5, 2, 9]},
			"faces": {
				"north": {"uv": [13, 8, 14, 8.5], "texture": "#0"},
				"east": {"uv": [14, 12.5, 14.5, 13], "texture": "#0"},
				"south": {"uv": [13, 8.5, 14, 9], "texture": "#0"},
				"west": {"uv": [5.5, 14.5, 6, 15], "texture": "#0"},
				"up": {"uv": [13, 9, 14, 9.5], "texture": "#0"},
				"down": {"uv": [13, 9.5, 14, 10], "texture": "#0"}
			}
		},
		{
			"from": [7, 0, 11],
			"to": [9, 3, 12],
			"rotation": {"angle": 0, "axis": "y", "origin": [7.5, 2, 8]},
			"faces": {
				"north": {"uv": [0, 7, 1, 8.5], "texture": "#0"},
				"east": {"uv": [0, 12.5, 0.5, 14], "texture": "#0"},
				"south": {"uv": [3, 7, 4, 8.5], "texture": "#0"},
				"west": {"uv": [0.5, 12.5, 1, 14], "texture": "#0"},
				"up": {"uv": [13, 10, 14, 10.5], "texture": "#0"},
				"down": {"uv": [13, 10.5, 14, 11], "texture": "#0"}
			}
		},
		{
			"from": [6.5, 3, 4],
			"to": [9.5, 5, 5],
			"rotation": {"angle": 0, "axis": "y", "origin": [7, 2, 9]},
			"faces": {
				"north": {"uv": [6.5, 4, 8, 5], "texture": "#0"},
				"east": {"uv": [7.5, 8.5, 8, 9.5], "texture": "#0"},
				"south": {"uv": [6.5, 7.5, 8, 8.5], "texture": "#0"},
				"west": {"uv": [1, 13.5, 1.5, 14.5], "texture": "#0"},
				"up": {"uv": [1.5, 1, 3, 1.5], "texture": "#0"},
				"down": {"uv": [6.5, 6, 8, 6.5], "texture": "#0"}
			}
		},
		{
			"from": [6.5, 3, 11],
			"to": [9.5, 5, 12],
			"rotation": {"angle": 0, "axis": "y", "origin": [7, 2, 8]},
			"faces": {
				"north": {"uv": [7.5, 1, 9, 2], "texture": "#0"},
				"east": {"uv": [1.5, 13.5, 2, 14.5], "texture": "#0"},
				"south": {"uv": [7.5, 2, 9, 3], "texture": "#0"},
				"west": {"uv": [7.5, 13.5, 8, 14.5], "texture": "#0"},
				"up": {"uv": [5, 12.5, 6.5, 13], "texture": "#0"},
				"down": {"uv": [11.5, 12.5, 13, 13], "texture": "#0"}
			}
		},
		{
			"from": [7, 3, 3],
			"to": [9, 6, 4],
			"rotation": {"angle": 0, "axis": "y", "origin": [7.5, 0, 8]},
			"faces": {
				"north": {"uv": [1, 7.5, 2, 9], "texture": "#0"},
				"east": {"uv": [6.5, 12.5, 7, 14], "texture": "#0"},
				"south": {"uv": [4, 8, 5, 9.5], "texture": "#0"},
				"west": {"uv": [8.5, 12.5, 9, 14], "texture": "#0"},
				"up": {"uv": [13, 11, 14, 11.5], "texture": "#0"},
				"down": {"uv": [13, 12.5, 14, 13], "texture": "#0"}
			}
		},
		{
			"from": [7, 3, 12],
			"to": [9, 6, 13],
			"rotation": {"angle": 0, "axis": "y", "origin": [7.5, 0, 8]},
			"faces": {
				"north": {"uv": [8, 8, 9, 9.5], "texture": "#0"},
				"east": {"uv": [9, 12.5, 9.5, 14], "texture": "#0"},
				"south": {"uv": [8, 3, 9, 4.5], "texture": "#0"},
				"west": {"uv": [12.5, 1, 13, 2.5], "texture": "#0"},
				"up": {"uv": [9.5, 13.5, 10.5, 14], "texture": "#0"},
				"down": {"uv": [10.5, 13.5, 11.5, 14], "texture": "#0"}
			}
		},
		{
			"name": "blade",
			"from": [7, 4, 7],
			"to": [9, 5, 10],
			"rotation": {"angle": 0, "axis": "y", "origin": [7, 2, 8]},
			"faces": {
				"north": {"uv": [13.5, 13.5, 14.5, 14], "texture": "#0"},
				"east": {"uv": [12.5, 2.5, 14, 3], "texture": "#0"},
				"south": {"uv": [13.5, 0, 14.5, 0.5], "texture": "#0"},
				"west": {"uv": [12.5, 3, 14, 3.5], "texture": "#0"},
				"up": {"uv": [8, 4.5, 9, 6], "texture": "#0"},
				"down": {"uv": [8, 6, 9, 7.5], "texture": "#0"}
			}
		},
		{
			"name": "blade",
			"from": [7, 8, 7],
			"to": [9, 10, 10],
			"rotation": {"angle": 0, "axis": "y", "origin": [7, 2, 8]},
			"faces": {
				"north": {"uv": [0, 11.5, 1, 12.5], "texture": "#0"},
				"east": {"uv": [8, 0, 9.5, 1], "texture": "#0"},
				"south": {"uv": [5, 11.5, 6, 12.5], "texture": "#0"},
				"west": {"uv": [2, 8.5, 3.5, 9.5], "texture": "#0"},
				"up": {"uv": [0, 8.5, 1, 10], "texture": "#0"},
				"down": {"uv": [6.5, 8.5, 7.5, 10], "texture": "#0"}
			}
		},
		{
			"name": "blade",
			"from": [7, 13, 7],
			"to": [9, 15, 10],
			"rotation": {"angle": 0, "axis": "y", "origin": [7, 2, 8]},
			"faces": {
				"north": {"uv": [6, 11.5, 7, 12.5], "texture": "#0"},
				"east": {"uv": [9, 9, 10.5, 10], "texture": "#0"},
				"south": {"uv": [8.5, 11.5, 9.5, 12.5], "texture": "#0"},
				"west": {"uv": [9, 1, 10.5, 2], "texture": "#0"},
				"up": {"uv": [1, 9, 2, 10.5], "texture": "#0"},
				"down": {"uv": [9, 2, 10, 3.5], "texture": "#0"}
			}
		},
		{
			"name": "blade",
			"from": [7, 5, 9],
			"to": [9, 8, 10],
			"rotation": {"angle": 0, "axis": "y", "origin": [7, 2, 8]},
			"faces": {
				"north": {"uv": [9, 3.5, 10, 5], "texture": "#0"},
				"east": {"uv": [12.5, 3.5, 13, 5], "texture": "#0"},
				"south": {"uv": [9, 5, 10, 6.5], "texture": "#0"},
				"west": {"uv": [12.5, 8, 13, 9.5], "texture": "#0"},
				"up": {"uv": [13.5, 0.5, 14.5, 1], "texture": "#0"},
				"down": {"uv": [13.5, 1, 14.5, 1.5], "texture": "#0"}
			}
		},
		{
			"name": "blade",
			"from": [7, 10, 9],
			"to": [9, 13, 10],
			"rotation": {"angle": 0, "axis": "y", "origin": [7, 2, 8]},
			"faces": {
				"north": {"uv": [9, 6.5, 10, 8], "texture": "#0"},
				"east": {"uv": [12.5, 10, 13, 11.5], "texture": "#0"},
				"south": {"uv": [2, 9.5, 3, 11], "texture": "#0"},
				"west": {"uv": [5, 13, 5.5, 14.5], "texture": "#0"},
				"up": {"uv": [13.5, 5, 14.5, 5.5], "texture": "#0"},
				"down": {"uv": [13.5, 5.5, 14.5, 6], "texture": "#0"}
			}
		},
		{
			"name": "blade",
			"from": [7, 15, 9],
			"to": [9, 18, 10],
			"rotation": {"angle": 0, "axis": "y", "origin": [7, 2, 8]},
			"faces": {
				"north": {"uv": [3, 9.5, 4, 11], "texture": "#0"},
				"east": {"uv": [5.5, 13, 6, 14.5], "texture": "#0"},
				"south": {"uv": [4, 9.5, 5, 11], "texture": "#0"},
				"west": {"uv": [6, 13, 6.5, 14.5], "texture": "#0"},
				"up": {"uv": [13.5, 11.5, 14.5, 12], "texture": "#0"},
				"down": {"uv": [13.5, 12, 14.5, 12.5], "texture": "#0"}
			}
		},
		{
			"name": "blade",
			"from": [7, 5, 7],
			"to": [9, 8, 8],
			"rotation": {"angle": 0, "axis": "y", "origin": [7, 2, 8]},
			"faces": {
				"north": {"uv": [7.5, 9.5, 8.5, 11], "texture": "#0"},
				"east": {"uv": [7, 13, 7.5, 14.5], "texture": "#0"},
				"south": {"uv": [0, 10, 1, 11.5], "texture": "#0"},
				"west": {"uv": [11.5, 13, 12, 14.5], "texture": "#0"},
				"up": {"uv": [13.5, 13, 14.5, 13.5], "texture": "#0"},
				"down": {"uv": [0, 14, 1, 14.5], "texture": "#0"}
			}
		},
		{
			"name": "blade",
			"from": [7, 10, 7],
			"to": [9, 13, 8],
			"rotation": {"angle": 0, "axis": "y", "origin": [7, 2, 8]},
			"faces": {
				"north": {"uv": [5, 10, 6, 11.5], "texture": "#0"},
				"east": {"uv": [12, 13, 12.5, 14.5], "texture": "#0"},
				"south": {"uv": [6, 10, 7, 11.5], "texture": "#0"},
				"west": {"uv": [12.5, 13, 13, 14.5], "texture": "#0"},
				"up": {"uv": [2, 14, 3, 14.5], "texture": "#0"},
				"down": {"uv": [3, 14, 4, 14.5], "texture": "#0"}
			}
		},
		{
			"name": "blade",
			"from": [7, 15, 7],
			"to": [9, 18, 8],
			"rotation": {"angle": 0, "axis": "y", "origin": [7, 2, 8]},
			"faces": {
				"north": {"uv": [8.5, 10, 9.5, 11.5], "texture": "#0"},
				"east": {"uv": [13, 13, 13.5, 14.5], "texture": "#0"},
				"south": {"uv": [9.5, 10, 10.5, 11.5], "texture": "#0"},
				"west": {"uv": [13, 0, 13.5, 1.5], "texture": "#0"},
				"up": {"uv": [4, 14, 5, 14.5], "texture": "#0"},
				"down": {"uv": [8, 14, 9, 14.5], "texture": "#0"}
			}
		},
		{
			"name": "blade",
			"from": [7.5, 12, 6],
			"to": [8.5, 20, 7],
			"rotation": {"angle": 0, "axis": "y", "origin": [7, 10, 8]},
			"faces": {
				"north": {"uv": [5, 6, 5.5, 10], "texture": "#0"},
				"east": {"uv": [5.5, 6, 6, 10], "texture": "#0"},
				"south": {"uv": [6, 6, 6.5, 10], "texture": "#0"},
				"west": {"uv": [6, 1, 6.5, 5], "texture": "#0"},
				"up": {"uv": [6, 14.5, 6.5, 15], "texture": "#0"},
				"down": {"uv": [7, 14.5, 7.5, 15], "texture": "#0"}
			}
		},
		{
			"name": "blade",
			"from": [7, 6, 6],
			"to": [9, 12, 7],
			"rotation": {"angle": 0, "axis": "y", "origin": [6.5, 4, 8]},
			"faces": {
				"north": {"uv": [3, 0, 4, 3], "texture": "#0"},
				"east": {"uv": [7, 10, 7.5, 13], "texture": "#0"},
				"south": {"uv": [1, 4.5, 2, 7.5], "texture": "#0"},
				"west": {"uv": [10, 2, 10.5, 5], "texture": "#0"},
				"up": {"uv": [9, 14, 10, 14.5], "texture": "#0"},
				"down": {"uv": [10, 14, 11, 14.5], "texture": "#0"}
			}
		},
		{
			"name": "blade",
			"from": [7.5, 4, 6],
			"to": [8.5, 6, 7],
			"rotation": {"angle": 0, "axis": "y", "origin": [7, 2, 8]},
			"faces": {
				"north": {"uv": [6.5, 14, 7, 15], "texture": "#0"},
				"east": {"uv": [11, 14, 11.5, 15], "texture": "#0"},
				"south": {"uv": [13.5, 14, 14, 15], "texture": "#0"},
				"west": {"uv": [14, 14, 14.5, 15], "texture": "#0"},
				"up": {"uv": [7.5, 14.5, 8, 15], "texture": "#0"},
				"down": {"uv": [8, 14.5, 8.5, 15], "texture": "#0"}
			}
		},
		{
			"name": "blade",
			"from": [7, 21, 10],
			"to": [9, 25, 11],
			"rotation": {"angle": 0, "axis": "y", "origin": [7, 1, 8]},
			"faces": {
				"north": {"uv": [5, 3, 6, 5], "texture": "#0"},
				"east": {"uv": [9.5, 11.5, 10, 13.5], "texture": "#0"},
				"south": {"uv": [2, 6.5, 3, 8.5], "texture": "#0"},
				"west": {"uv": [10, 11.5, 10.5, 13.5], "texture": "#0"},
				"up": {"uv": [14, 1.5, 15, 2], "texture": "#0"},
				"down": {"uv": [14, 2, 15, 2.5], "texture": "#0"}
			}
		},
		{
			"name": "blade",
			"from": [7.5, 25, 10],
			"to": [8.5, 26, 11],
			"rotation": {"angle": 0, "axis": "y", "origin": [7, 1, 8]},
			"faces": {
				"north": {"uv": [8.5, 14.5, 9, 15], "texture": "#0"},
				"east": {"uv": [9, 14.5, 9.5, 15], "texture": "#0"},
				"south": {"uv": [9.5, 14.5, 10, 15], "texture": "#0"},
				"west": {"uv": [10, 14.5, 10.5, 15], "texture": "#0"},
				"up": {"uv": [10.5, 14.5, 11, 15], "texture": "#0"},
				"down": {"uv": [11.5, 14.5, 12, 15], "texture": "#0"}
			}
		},
		{
			"name": "blade",
			"from": [7.5, 16, 10],
			"to": [8.5, 21, 11],
			"rotation": {"angle": 0, "axis": "y", "origin": [7, 2, 8]},
			"faces": {
				"north": {"uv": [7.5, 11, 8, 13.5], "texture": "#0"},
				"east": {"uv": [8, 11, 8.5, 13.5], "texture": "#0"},
				"south": {"uv": [11, 11, 11.5, 13.5], "texture": "#0"},
				"west": {"uv": [11, 4, 11.5, 6.5], "texture": "#0"},
				"up": {"uv": [12, 14.5, 12.5, 15], "texture": "#0"},
				"down": {"uv": [12.5, 14.5, 13, 15], "texture": "#0"}
			}
		},
		{
			"name": "blade",
			"from": [7.5, 21, 11],
			"to": [8.5, 27, 12],
			"rotation": {"angle": 0, "axis": "y", "origin": [7, 1, 8]},
			"faces": {
				"north": {"uv": [10, 5, 10.5, 8], "texture": "#0"},
				"east": {"uv": [1, 10.5, 1.5, 13.5], "texture": "#0"},
				"south": {"uv": [1.5, 10.5, 2, 13.5], "texture": "#0"},
				"west": {"uv": [10.5, 10.5, 11, 13.5], "texture": "#0"},
				"up": {"uv": [13, 14.5, 13.5, 15], "texture": "#0"},
				"down": {"uv": [14.5, 14.5, 15, 15], "texture": "#0"}
			}
		},
		{
			"name": "blade",
			"from": [7.5, 24, 9],
			"to": [8.5, 25, 10],
			"rotation": {"angle": 0, "axis": "y", "origin": [7, 1, 8]},
			"faces": {
				"north": {"uv": [14.5, 0, 15, 0.5], "texture": "#0"},
				"east": {"uv": [14.5, 0.5, 15, 1], "texture": "#0"},
				"south": {"uv": [14.5, 1, 15, 1.5], "texture": "#0"},
				"west": {"uv": [14.5, 2.5, 15, 3], "texture": "#0"},
				"up": {"uv": [14.5, 3, 15, 3.5], "texture": "#0"},
				"down": {"uv": [14.5, 3.5, 15, 4], "texture": "#0"}
			}
		},
		{
			"name": "blade",
			"from": [7, 20, 8],
			"to": [9, 22, 10],
			"rotation": {"angle": 0, "axis": "y", "origin": [7, 1, 8]},
			"faces": {
				"north": {"uv": [11.5, 11.5, 12.5, 12.5], "texture": "#0"},
				"east": {"uv": [11.5, 1, 12.5, 2], "texture": "#0"},
				"south": {"uv": [11.5, 2, 12.5, 3], "texture": "#0"},
				"west": {"uv": [11.5, 3, 12.5, 4], "texture": "#0"},
				"up": {"uv": [11.5, 4, 12.5, 5], "texture": "#0"},
				"down": {"uv": [11.5, 5, 12.5, 6], "texture": "#0"}
			}
		},
		{
			"name": "blade",
			"from": [7, 22, 9],
			"to": [9, 24, 10],
			"rotation": {"angle": 0, "axis": "y", "origin": [7, 1, 8]},
			"faces": {
				"north": {"uv": [11.5, 10.5, 12.5, 11.5], "texture": "#0"},
				"east": {"uv": [14, 2.5, 14.5, 3.5], "texture": "#0"},
				"south": {"uv": [12, 0, 13, 1], "texture": "#0"},
				"west": {"uv": [14, 3.5, 14.5, 4.5], "texture": "#0"},
				"up": {"uv": [14, 4.5, 15, 5], "texture": "#0"},
				"down": {"uv": [14, 6, 15, 6.5], "texture": "#0"}
			}
		},
		{
			"name": "blade",
			"from": [7.5, 22, 8],
			"to": [8.5, 24, 9],
			"rotation": {"angle": 0, "axis": "y", "origin": [7, 1, 8]},
			"faces": {
				"north": {"uv": [14, 6.5, 14.5, 7.5], "texture": "#0"},
				"east": {"uv": [14, 7.5, 14.5, 8.5], "texture": "#0"},
				"south": {"uv": [14, 8.5, 14.5, 9.5], "texture": "#0"},
				"west": {"uv": [14, 9.5, 14.5, 10.5], "texture": "#0"},
				"up": {"uv": [14.5, 4, 15, 4.5], "texture": "#0"},
				"down": {"uv": [14.5, 5, 15, 5.5], "texture": "#0"}
			}
		},
		{
			"name": "blade",
			"from": [7.5, 20, 7],
			"to": [8.5, 22, 8],
			"rotation": {"angle": 0, "axis": "y", "origin": [7, 1, 8]},
			"faces": {
				"north": {"uv": [14, 10.5, 14.5, 11.5], "texture": "#0"},
				"east": {"uv": [0, 14.5, 0.5, 15.5], "texture": "#0"},
				"south": {"uv": [0.5, 14.5, 1, 15.5], "texture": "#0"},
				"west": {"uv": [1, 14.5, 1.5, 15.5], "texture": "#0"},
				"up": {"uv": [14.5, 5.5, 15, 6], "texture": "#0"},
				"down": {"uv": [14.5, 6.5, 15, 7], "texture": "#0"}
			}
		},
		{
			"name": "blade",
			"from": [7, 18, 7],
			"to": [9, 20, 10],
			"rotation": {"angle": 0, "axis": "y", "origin": [7, 2, 8]},
			"faces": {
				"north": {"uv": [12, 6, 13, 7], "texture": "#0"},
				"east": {"uv": [9, 8, 10.5, 9], "texture": "#0"},
				"south": {"uv": [12, 7, 13, 8], "texture": "#0"},
				"west": {"uv": [9.5, 0, 11, 1], "texture": "#0"},
				"up": {"uv": [10.5, 1, 11.5, 2.5], "texture": "#0"},
				"down": {"uv": [10.5, 2.5, 11.5, 4], "texture": "#0"}
			}
		},
		{
			"name": "blade",
			"from": [7.5, 6, 5],
			"to": [8.5, 12, 6],
			"rotation": {"angle": 0, "axis": "y", "origin": [7, 2, 8]},
			"faces": {
				"north": {"uv": [10.5, 4, 11, 7], "texture": "#0"},
				"east": {"uv": [10.5, 7, 11, 10], "texture": "#0"},
				"south": {"uv": [2, 11, 2.5, 14], "texture": "#0"},
				"west": {"uv": [2.5, 11, 3, 14], "texture": "#0"},
				"up": {"uv": [14.5, 7, 15, 7.5], "texture": "#0"},
				"down": {"uv": [14.5, 7.5, 15, 8], "texture": "#0"}
			}
		},
		{
			"name": "blade",
			"from": [7.5, 6, 10],
			"to": [8.5, 12, 11],
			"rotation": {"angle": 0, "axis": "y", "origin": [7, 2, 8]},
			"faces": {
				"north": {"uv": [3, 11, 3.5, 14], "texture": "#0"},
				"east": {"uv": [3.5, 11, 4, 14], "texture": "#0"},
				"south": {"uv": [4, 11, 4.5, 14], "texture": "#0"},
				"west": {"uv": [4.5, 11, 5, 14], "texture": "#0"},
				"up": {"uv": [14.5, 8, 15, 8.5], "texture": "#0"},
				"down": {"uv": [14.5, 8.5, 15, 9], "texture": "#0"}
			}
		},
		{
			"name": "blade",
			"from": [7.5, 7, 4],
			"to": [8.5, 9, 5],
			"rotation": {"angle": 0, "axis": "y", "origin": [7, 2, 8]},
			"faces": {
				"north": {"uv": [1.5, 14.5, 2, 15.5], "texture": "#0"},
				"east": {"uv": [2, 14.5, 2.5, 15.5], "texture": "#0"},
				"south": {"uv": [2.5, 14.5, 3, 15.5], "texture": "#0"},
				"west": {"uv": [3, 14.5, 3.5, 15.5], "texture": "#0"},
				"up": {"uv": [14.5, 9, 15, 9.5], "texture": "#0"},
				"down": {"uv": [14.5, 9.5, 15, 10], "texture": "#0"}
			}
		},
		{
			"name": "blade",
			"from": [7.5, 7, 11],
			"to": [8.5, 9, 12],
			"rotation": {"angle": 0, "axis": "y", "origin": [7, 2, 8]},
			"faces": {
				"north": {"uv": [3.5, 14.5, 4, 15.5], "texture": "#0"},
				"east": {"uv": [4, 14.5, 4.5, 15.5], "texture": "#0"},
				"south": {"uv": [4.5, 14.5, 5, 15.5], "texture": "#0"},
				"west": {"uv": [5, 14.5, 5.5, 15.5], "texture": "#0"},
				"up": {"uv": [14.5, 10, 15, 10.5], "texture": "#0"},
				"down": {"uv": [14.5, 10.5, 15, 11], "texture": "#0"}
			}
		}
	],
	"gui_light": "front",
	"display": {
		"thirdperson_righthand": {
			"rotation": [-12, 0, 0],
			"translation": [0, 6.25, -0.25],
			"scale": [0.5, 0.8, 0.8]
		},
		"thirdperson_lefthand": {
			"rotation": [-12, 0, 0],
			"translation": [0, 6.25, -0.25],
			"scale": [0.5, 0.8, 0.8]
		},
		"firstperson_righthand": {
			"rotation": [-8, 0, 0],
			"translation": [2, 4, -1.5],
			"scale": [0.65, 0.8, 0.8]
		},
		"firstperson_lefthand": {
			"rotation": [-8, 0, 0],
			"translation": [2, 4, -1.5],
			"scale": [0.65, 0.8, 0.8]
		},
		"ground": {
			"rotation": [45, 0, 0],
			"translation": [0, 3, 0],
			"scale": [0.5, 0.5, 0.5]
		},
		"gui": {
			"rotation": [90, 45, -90],
			"translation": [-0.5, -0.5, 0],
			"scale": [0.65, 0.65, 0.65]
		},
		"head": {
			"translation": [0, 29, 0],
			"scale": [1.5, 1.5, 1.5]
		},
		"fixed": {
			"rotation": [90, -46, 90],
			"translation": [1.5, 0, 0],
			"scale": [0.7, 0.7, 0.7]
		}
	}
}