{
	"credit": "Made with Blockbench",
	"texture_size": [64, 64],
	"textures": {
		"1": "custom_item/ambassador/assault"
	},
	"elements": [
		{
			"from": [6.98993, 10, 16.52805],
			"to": [9.00993, 11, 21.52805],
			"rotation": {"angle": 0, "axis": "y", "origin": [0.99993, 6, 4.52805]},
			"faces": {
				"north": {"uv": [5, 1.75, 5.5, 2], "texture": "#1"},
				"east": {"uv": [6, 2.5, 7.25, 2.75], "texture": "#1"},
				"south": {"uv": [0, 8.25, 0.5, 8.5], "texture": "#1"},
				"west": {"uv": [6.5, 2.25, 7.75, 2.5], "texture": "#1"},
				"up": {"uv": [4.75, 1.75, 4.25, 0.5], "texture": "#1"},
				"down": {"uv": [2, 4.5, 1.5, 5.75], "texture": "#1"}
			}
		},
		{
			"from": [6.99993, 11, 17.52805],
			"to": [8.99993, 12, 20.52805],
			"rotation": {"angle": 0, "axis": "y", "origin": [0.99993, 7, 5.52805]},
			"faces": {
				"north": {"uv": [8.25, 0, 8.75, 0.25], "texture": "#1"},
				"east": {"uv": [7, 2, 7.75, 2.25], "texture": "#1"},
				"south": {"uv": [8.25, 0.25, 8.75, 0.5], "texture": "#1"},
				"west": {"uv": [7.25, 8, 8, 8.25], "texture": "#1"},
				"up": {"uv": [6.25, 1.75, 5.75, 1], "texture": "#1"},
				"down": {"uv": [6.25, 4, 5.75, 4.75], "texture": "#1"}
			}
		},
		{
			"from": [6.99993, 12, 19.52805],
			"to": [8.99993, 13, 24.52805],
			"rotation": {"angle": 0, "axis": "y", "origin": [0.99993, 8, 7.52805]},
			"faces": {
				"north": {"uv": [8.25, 0.5, 8.75, 0.75], "texture": "#1"},
				"east": {"uv": [6.5, 3.5, 7.75, 3.75], "texture": "#1"},
				"south": {"uv": [8.25, 0.75, 8.75, 1], "texture": "#1"},
				"west": {"uv": [6.5, 3.75, 7.75, 4], "texture": "#1"},
				"up": {"uv": [5, 4.75, 4.5, 3.5], "texture": "#1"},
				"down": {"uv": [5.25, 0.5, 4.75, 1.75], "texture": "#1"}
			}
		},
		{
			"from": [6.99993, 10, 3.52805],
			"to": [8.99993, 14, 16.52805],
			"rotation": {"angle": 0, "axis": "y", "origin": [0.99993, 6, 3.52805]},
			"faces": {
				"north": {"uv": [5.5, 1.75, 6, 2.75], "texture": "#1"},
				"east": {"uv": [0, 0, 3.25, 1], "texture": "#1"},
				"south": {"uv": [2, 5.5, 2.5, 6.5], "texture": "#1"},
				"west": {"uv": [0, 1, 3.25, 2], "texture": "#1"},
				"up": {"uv": [0.5, 5.25, 0, 2], "texture": "#1"},
				"down": {"uv": [1, 2, 0.5, 5.25], "texture": "#1"}
			}
		},
		{
			"from": [6.99993, 13.46447, -0.00748],
			"to": [8.99993, 15.46447, 0.99252],
			"rotation": {"angle": 45, "axis": "x", "origin": [0.99993, 10.46447, -0.00748]},
			"faces": {
				"north": {"uv": [2.5, 6.5, 3, 7], "texture": "#1"},
				"east": {"uv": [4.25, 5.25, 4.5, 5.75], "texture": "#1"},
				"south": {"uv": [6.5, 5, 7, 5.5], "texture": "#1"},
				"west": {"uv": [5, 6, 5.25, 6.5], "texture": "#1"},
				"up": {"uv": [8.75, 1.25, 8.25, 1], "texture": "#1"},
				"down": {"uv": [1.75, 8.25, 1.25, 8.5], "texture": "#1"}
			}
		},
		{
			"from": [8.99993, 11, 0.52805],
			"to": [9.99993, 13, 10.52805],
			"rotation": {"angle": 0, "axis": "y", "origin": [2.99993, 7, 0.52805]},
			"faces": {
				"north": {"uv": [1.25, 6.25, 1.5, 6.75], "texture": "#1"},
				"east": {"uv": [3, 2, 5.5, 2.5], "texture": "#1"},
				"south": {"uv": [1.75, 6.75, 2, 7.25], "texture": "#1"},
				"west": {"uv": [3, 2.5, 5.5, 3], "texture": "#1"},
				"up": {"uv": [4.75, 7.25, 4.5, 4.75], "texture": "#1"},
				"down": {"uv": [5, 4.75, 4.75, 7.25], "texture": "#1"}
			}
		},
		{
			"from": [5.99993, 11, 0.52805],
			"to": [6.99993, 13, 10.52805],
			"rotation": {"angle": 0, "axis": "y", "origin": [-0.00007, 7, 0.52805]},
			"faces": {
				"north": {"uv": [1.75, 8.25, 2, 8.75], "texture": "#1"},
				"east": {"uv": [3, 3, 5.5, 3.5], "texture": "#1"},
				"south": {"uv": [2, 8.25, 2.25, 8.75], "texture": "#1"},
				"west": {"uv": [3.25, 0, 5.75, 0.5], "texture": "#1"},
				"up": {"uv": [5.25, 6, 5, 3.5], "texture": "#1"},
				"down": {"uv": [0.25, 5.25, 0, 7.75], "texture": "#1"}
			}
		},
		{
			"from": [6.99993, 8, 1.52805],
			"to": [8.99993, 10, 3.52805],
			"rotation": {"angle": 0, "axis": "y", "origin": [0.99993, 6, 3.52805]},
			"faces": {
				"north": {"uv": [6.25, 6.5, 6.75, 7], "texture": "#1"},
				"east": {"uv": [6.75, 0, 7.25, 0.5], "texture": "#1"},
				"south": {"uv": [6.75, 0.5, 7.25, 1], "texture": "#1"},
				"west": {"uv": [6.75, 1, 7.25, 1.5], "texture": "#1"},
				"up": {"uv": [1.75, 7.25, 1.25, 6.75], "texture": "#1"},
				"down": {"uv": [3.5, 6.75, 3, 7.25], "texture": "#1"}
			}
		},
		{
			"from": [6.99993, 9, 0.52805],
			"to": [8.99993, 10, 1.52805],
			"rotation": {"angle": 0, "axis": "y", "origin": [0.99993, 7, 2.52805]},
			"faces": {
				"north": {"uv": [8.25, 1.25, 8.75, 1.5], "texture": "#1"},
				"east": {"uv": [0.75, 6, 1, 6.25], "texture": "#1"},
				"south": {"uv": [8.25, 2, 8.75, 2.25], "texture": "#1"},
				"west": {"uv": [6.25, 1.5, 6.5, 1.75], "texture": "#1"},
				"up": {"uv": [8.75, 2.5, 8.25, 2.25], "texture": "#1"},
				"down": {"uv": [8.75, 2.5, 8.25, 2.75], "texture": "#1"}
			}
		},
		{
			"from": [6.99993, 8, 23.52805],
			"to": [8.99993, 9, 24.52805],
			"rotation": {"angle": 0, "axis": "y", "origin": [0.99993, 6, 5.52805]},
			"faces": {
				"north": {"uv": [8.25, 2.75, 8.75, 3], "texture": "#1"},
				"east": {"uv": [6, 6.75, 6.25, 7], "texture": "#1"},
				"south": {"uv": [8.25, 3, 8.75, 3.25], "texture": "#1"},
				"west": {"uv": [2.25, 7.25, 2.5, 7.5], "texture": "#1"},
				"up": {"uv": [8.75, 3.5, 8.25, 3.25], "texture": "#1"},
				"down": {"uv": [8.75, 3.5, 8.25, 3.75], "texture": "#1"}
			}
		},
		{
			"from": [6.99993, 7.29289, 18.82094],
			"to": [8.99993, 8.29289, 23.82094],
			"rotation": {"angle": 0, "axis": "y", "origin": [0.99993, 6.29289, 5.82094]},
			"faces": {
				"north": {"uv": [3.75, 8.25, 4.25, 8.5], "texture": "#1"},
				"east": {"uv": [6.5, 4.75, 7.75, 5], "texture": "#1"},
				"south": {"uv": [8.25, 3.75, 8.75, 4], "texture": "#1"},
				"west": {"uv": [5, 6.5, 6.25, 6.75], "texture": "#1"},
				"up": {"uv": [0.75, 6.5, 0.25, 5.25], "texture": "#1"},
				"down": {"uv": [5.75, 0.5, 5.25, 1.75], "texture": "#1"}
			}
		},
		{
			"from": [6.99993, 9, 20.52805],
			"to": [8.99993, 11, 24.52805],
			"rotation": {"angle": 0, "axis": "y", "origin": [0.99993, 6, 3.52805]},
			"faces": {
				"north": {"uv": [3.5, 6.75, 4, 7.25], "texture": "#1"},
				"east": {"uv": [5.75, 4.75, 6.5, 5.25], "texture": "#1"},
				"south": {"uv": [4, 6.75, 4.5, 7.25], "texture": "#1"},
				"west": {"uv": [5.75, 5.25, 6.5, 5.75], "texture": "#1"},
				"up": {"uv": [6.25, 6.5, 5.75, 5.75], "texture": "#1"},
				"down": {"uv": [6.5, 1.75, 6, 2.5], "texture": "#1"}
			}
		},
		{
			"from": [6.99993, 9, 24.52805],
			"to": [8.99993, 11, 25.52805],
			"rotation": {"angle": 0, "axis": "y", "origin": [0.99993, 6, 4.52805]},
			"faces": {
				"north": {"uv": [6.75, 4, 7.25, 4.5], "texture": "#1"},
				"east": {"uv": [8.25, 4, 8.5, 4.5], "texture": "#1"},
				"south": {"uv": [5, 6.75, 5.5, 7.25], "texture": "#1"},
				"west": {"uv": [4.25, 8.25, 4.5, 8.75], "texture": "#1"},
				"up": {"uv": [5, 8.5, 4.5, 8.25], "texture": "#1"},
				"down": {"uv": [8.75, 4.5, 8.25, 4.75], "texture": "#1"}
			}
		},
		{
			"from": [5.99993, 11, 20.52805],
			"to": [9.99993, 12, 24.52805],
			"rotation": {"angle": 0, "axis": "y", "origin": [-0.00007, 8, 3.52805]},
			"faces": {
				"north": {"uv": [3.25, 1.5, 4.25, 1.75], "texture": "#1"},
				"east": {"uv": [6.5, 5.5, 7.5, 5.75], "texture": "#1"},
				"south": {"uv": [6.75, 4.5, 7.75, 4.75], "texture": "#1"},
				"west": {"uv": [6.75, 5.75, 7.75, 6], "texture": "#1"},
				"up": {"uv": [4.25, 1.5, 3.25, 0.5], "texture": "#1"},
				"down": {"uv": [2, 3.5, 1, 4.5], "texture": "#1"}
			}
		},
		{
			"from": [6.99993, 7.29289, -4.17906],
			"to": [8.99993, 8.29289, 2.82094],
			"rotation": {"angle": 0, "axis": "y", "origin": [0.99993, 6.29289, 3.82094]},
			"faces": {
				"north": {"uv": [8.25, 4.75, 8.75, 5], "texture": "#1"},
				"east": {"uv": [3.25, 1.75, 5, 2], "texture": "#1"},
				"south": {"uv": [5, 8.25, 5.5, 8.5], "texture": "#1"},
				"west": {"uv": [5.5, 2.75, 7.25, 3], "texture": "#1"},
				"up": {"uv": [3.5, 5.25, 3, 3.5], "texture": "#1"},
				"down": {"uv": [4, 3.5, 3.5, 5.25], "texture": "#1"}
			}
		},
		{
			"from": [6.99993, 12.94975, 0.4778],
			"to": [8.99993, 13.94975, 1.4778],
			"rotation": {"angle": -45, "axis": "x", "origin": [0.99993, 12.94975, 8.4778]},
			"faces": {
				"north": {"uv": [8.25, 5.75, 8.75, 6], "texture": "#1"},
				"east": {"uv": [2.75, 7.5, 3, 7.75], "texture": "#1"},
				"south": {"uv": [8.25, 6, 8.75, 6.25], "texture": "#1"},
				"west": {"uv": [0.5, 7.75, 0.75, 8], "texture": "#1"},
				"up": {"uv": [8.75, 6.5, 8.25, 6.25], "texture": "#1"},
				"down": {"uv": [8.75, 6.5, 8.25, 6.75], "texture": "#1"}
			}
		},
		{
			"from": [6.99993, 9.29289, -3.17906],
			"to": [8.99993, 10.29289, -1.17906],
			"rotation": {"angle": 0, "axis": "y", "origin": [0.99993, 8.29289, 0.82094]},
			"faces": {
				"north": {"uv": [7.25, 8.25, 7.75, 8.5], "texture": "#1"},
				"east": {"uv": [7.75, 8.25, 8.25, 8.5], "texture": "#1"},
				"south": {"uv": [8.25, 8.25, 8.75, 8.5], "texture": "#1"},
				"west": {"uv": [0, 8.5, 0.5, 8.75], "texture": "#1"},
				"up": {"uv": [6, 7.25, 5.5, 6.75], "texture": "#1"},
				"down": {"uv": [7.25, 6, 6.75, 6.5], "texture": "#1"}
			}
		},
		{
			"from": [6.99993, 14.94975, -3.5222],
			"to": [8.99993, 15.94975, -2.5222],
			"rotation": {"angle": -45, "axis": "x", "origin": [0.99993, 14.94975, 4.4778]},
			"faces": {
				"north": {"uv": [0.5, 8.5, 1, 8.75], "texture": "#1"},
				"east": {"uv": [5.75, 7.75, 6, 8], "texture": "#1"},
				"south": {"uv": [1.25, 8.5, 1.75, 8.75], "texture": "#1"},
				"west": {"uv": [7.75, 6.75, 8, 7], "texture": "#1"},
				"up": {"uv": [9, 1.75, 8.5, 1.5], "texture": "#1"},
				"down": {"uv": [9, 1.75, 8.5, 2], "texture": "#1"}
			}
		},
		{
			"from": [6.98993, 14.94975, -5.5222],
			"to": [9.00993, 15.94975, -4.5222],
			"rotation": {"angle": -45, "axis": "x", "origin": [0.99993, 14.94975, 2.4778]},
			"faces": {
				"north": {"uv": [2.25, 8.5, 2.75, 8.75], "texture": "#1"},
				"east": {"uv": [5.5, 8.25, 5.75, 8.5], "texture": "#1"},
				"south": {"uv": [2.75, 8.5, 3.25, 8.75], "texture": "#1"},
				"west": {"uv": [7.5, 9.25, 7.75, 9.5], "texture": "#1"},
				"up": {"uv": [3.75, 8.75, 3.25, 8.5], "texture": "#1"},
				"down": {"uv": [4.25, 8.5, 3.75, 8.75], "texture": "#1"}
			}
		},
		{
			"from": [6.99993, 12.94974, 21.47779],
			"to": [8.99993, 13.94974, 22.47779],
			"rotation": {"angle": -45, "axis": "x", "origin": [0.99993, 12.94974, 29.47779]},
			"faces": {
				"north": {"uv": [8.5, 4, 9, 4.25], "texture": "#1"},
				"east": {"uv": [8.25, 9.25, 8.5, 9.5], "texture": "#1"},
				"south": {"uv": [8.5, 4.25, 9, 4.5], "texture": "#1"},
				"west": {"uv": [0.25, 9.5, 0.5, 9.75], "texture": "#1"},
				"up": {"uv": [5, 8.75, 4.5, 8.5], "texture": "#1"},
				"down": {"uv": [5.5, 8.5, 5, 8.75], "texture": "#1"}
			}
		},
		{
			"from": [6.99993, 13.24264, 21.1849],
			"to": [8.99993, 14.24264, 22.1849],
			"rotation": {"angle": -45, "axis": "x", "origin": [0.99993, 13.24264, 29.1849]},
			"faces": {
				"north": {"uv": [8.5, 5, 9, 5.25], "texture": "#1"},
				"east": {"uv": [0.5, 9.5, 0.75, 9.75], "texture": "#1"},
				"south": {"uv": [8.5, 5.25, 9, 5.5], "texture": "#1"},
				"west": {"uv": [0.75, 9.5, 1, 9.75], "texture": "#1"},
				"up": {"uv": [6, 8.75, 5.5, 8.5], "texture": "#1"},
				"down": {"uv": [9, 5.5, 8.5, 5.75], "texture": "#1"}
			}
		},
		{
			"from": [6.99993, 14.65685, 19.1849],
			"to": [8.99993, 16.65685, 20.1849],
			"rotation": {"angle": -45, "axis": "x", "origin": [0.99993, 14.65685, 27.1849]},
			"faces": {
				"north": {"uv": [6.75, 6.5, 7.25, 7], "texture": "#1"},
				"east": {"uv": [6, 8.5, 6.25, 9], "texture": "#1"},
				"south": {"uv": [0.75, 7, 1.25, 7.5], "texture": "#1"},
				"west": {"uv": [6.25, 8.5, 6.5, 9], "texture": "#1"},
				"up": {"uv": [7, 8.75, 6.5, 8.5], "texture": "#1"},
				"down": {"uv": [9, 6.75, 8.5, 7], "texture": "#1"}
			}
		},
		{
			"from": [6.99993, 13.82843, 0.59912],
			"to": [8.99993, 14.82843, 1.59912],
			"rotation": {"angle": -45, "axis": "x", "origin": [0.99993, 11.82843, 8.59912]},
			"faces": {
				"north": {"uv": [7, 8.5, 7.5, 8.75], "texture": "#1"},
				"east": {"uv": [1, 9.5, 1.25, 9.75], "texture": "#1"},
				"south": {"uv": [8.5, 7, 9, 7.25], "texture": "#1"},
				"west": {"uv": [1.25, 9.5, 1.5, 9.75], "texture": "#1"},
				"up": {"uv": [8, 8.75, 7.5, 8.5], "texture": "#1"},
				"down": {"uv": [8.5, 8.5, 8, 8.75], "texture": "#1"}
			}
		},
		{
			"from": [6.99893, 10, -4.47195],
			"to": [9.00093, 13, 3.52805],
			"rotation": {"angle": 0, "axis": "y", "origin": [0.99993, 6, 5.52805]},
			"faces": {
				"north": {"uv": [6.25, 0, 6.75, 0.75], "texture": "#1"},
				"east": {"uv": [1, 2, 3, 2.75], "texture": "#1"},
				"south": {"uv": [0.75, 6.25, 1.25, 7], "texture": "#1"},
				"west": {"uv": [1, 2.75, 3, 3.5], "texture": "#1"},
				"up": {"uv": [2.5, 5.5, 2, 3.5], "texture": "#1"},
				"down": {"uv": [3, 3.5, 2.5, 5.5], "texture": "#1"}
			}
		},
		{
			"from": [8.99993, 10.5, -3.47195],
			"to": [10.99993, 12.5, -2.47195],
			"rotation": {"angle": 0, "axis": "y", "origin": [2.99993, 6.5, 6.52805]},
			"faces": {
				"north": {"uv": [7, 1.5, 7.5, 2], "texture": "#1"},
				"east": {"uv": [8.5, 8.5, 8.75, 9], "texture": "#1"},
				"south": {"uv": [2.5, 7, 3, 7.5], "texture": "#1"},
				"west": {"uv": [0, 8.75, 0.25, 9.25], "texture": "#1"},
				"up": {"uv": [9.25, 0.25, 8.75, 0], "texture": "#1"},
				"down": {"uv": [0.75, 8.75, 0.25, 9], "texture": "#1"}
			}
		},
		{
			"from": [8.99993, 11, -3.97195],
			"to": [10.99993, 12, -2.97195],
			"rotation": {"angle": 0, "axis": "y", "origin": [2.99993, 7, 6.02805]},
			"faces": {
				"north": {"uv": [8.75, 0.25, 9.25, 0.5], "texture": "#1"},
				"east": {"uv": [1.5, 9.5, 1.75, 9.75], "texture": "#1"},
				"south": {"uv": [8.75, 0.5, 9.25, 0.75], "texture": "#1"},
				"west": {"uv": [1.75, 9.5, 2, 9.75], "texture": "#1"},
				"up": {"uv": [1.25, 9, 0.75, 8.75], "texture": "#1"},
				"down": {"uv": [9.25, 0.75, 8.75, 1], "texture": "#1"}
			}
		},
		{
			"from": [4.99993, 11, -3.97195],
			"to": [6.99993, 12, -2.97195],
			"rotation": {"angle": 0, "axis": "y", "origin": [-1.00007, 7, 6.02805]},
			"faces": {
				"north": {"uv": [8.75, 1, 9.25, 1.25], "texture": "#1"},
				"east": {"uv": [2, 9.5, 2.25, 9.75], "texture": "#1"},
				"south": {"uv": [1.25, 8.75, 1.75, 9], "texture": "#1"},
				"west": {"uv": [9.5, 2, 9.75, 2.25], "texture": "#1"},
				"up": {"uv": [9.25, 1.5, 8.75, 1.25], "texture": "#1"},
				"down": {"uv": [2.25, 8.75, 1.75, 9], "texture": "#1"}
			}
		},
		{
			"from": [4.99993, 10.5, -3.47195],
			"to": [6.99993, 12.5, -2.47195],
			"rotation": {"angle": 0, "axis": "y", "origin": [-1.00007, 6.5, 6.52805]},
			"faces": {
				"north": {"uv": [7, 5, 7.5, 5.5], "texture": "#1"},
				"east": {"uv": [8.75, 2, 9, 2.5], "texture": "#1"},
				"south": {"uv": [6, 7, 6.5, 7.5], "texture": "#1"},
				"west": {"uv": [2.25, 8.75, 2.5, 9.25], "texture": "#1"},
				"up": {"uv": [3, 9, 2.5, 8.75], "texture": "#1"},
				"down": {"uv": [9.25, 2.5, 8.75, 2.75], "texture": "#1"}
			}
		},
		{
			"from": [5.99993, 11, -2.47195],
			"to": [7.99993, 12, -1.47195],
			"rotation": {"angle": 0, "axis": "y", "origin": [-0.00007, 7, 7.52805]},
			"faces": {
				"north": {"uv": [8.75, 2.75, 9.25, 3], "texture": "#1"},
				"east": {"uv": [9.5, 2.25, 9.75, 2.5], "texture": "#1"},
				"south": {"uv": [3, 8.75, 3.5, 9], "texture": "#1"},
				"west": {"uv": [2.5, 9.5, 2.75, 9.75], "texture": "#1"},
				"up": {"uv": [9.25, 3.25, 8.75, 3], "texture": "#1"},
				"down": {"uv": [9.25, 3.25, 8.75, 3.5], "texture": "#1"}
			}
		},
		{
			"from": [8.99993, 11, -2.47195],
			"to": [9.99993, 12, -1.47195],
			"rotation": {"angle": 0, "axis": "y", "origin": [2.99993, 7, 7.52805]},
			"faces": {
				"north": {"uv": [2.75, 9.5, 3, 9.75], "texture": "#1"},
				"east": {"uv": [3, 9.5, 3.25, 9.75], "texture": "#1"},
				"south": {"uv": [3.25, 9.5, 3.5, 9.75], "texture": "#1"},
				"west": {"uv": [3.5, 9.5, 3.75, 9.75], "texture": "#1"},
				"up": {"uv": [9.75, 3.75, 9.5, 3.5], "texture": "#1"},
				"down": {"uv": [4, 9.5, 3.75, 9.75], "texture": "#1"}
			}
		},
		{
			"from": [8.84665, 10.5, -3.24255],
			"to": [10.84665, 12.5, -2.24255],
			"rotation": {"angle": 22.5, "axis": "y", "origin": [10.34665, 11, -2.74255]},
			"faces": {
				"north": {"uv": [6.5, 7, 7, 7.5], "texture": "#1"},
				"east": {"uv": [3.5, 8.75, 3.75, 9.25], "texture": "#1"},
				"south": {"uv": [7, 7, 7.5, 7.5], "texture": "#1"},
				"west": {"uv": [8.75, 3.5, 9, 4], "texture": "#1"},
				"up": {"uv": [4.25, 9, 3.75, 8.75], "texture": "#1"},
				"down": {"uv": [4.75, 8.75, 4.25, 9], "texture": "#1"}
			}
		},
		{
			"from": [5.15321, 10.5, -3.24255],
			"to": [7.15321, 12.5, -2.24255],
			"rotation": {"angle": -22.5, "axis": "y", "origin": [5.65321, 11, -2.74255]},
			"faces": {
				"north": {"uv": [7.25, 0, 7.75, 0.5], "texture": "#1"},
				"east": {"uv": [8.75, 4.5, 9, 5], "texture": "#1"},
				"south": {"uv": [0.25, 7.25, 0.75, 7.75], "texture": "#1"},
				"west": {"uv": [4.75, 8.75, 5, 9.25], "texture": "#1"},
				"up": {"uv": [5.5, 9, 5, 8.75], "texture": "#1"},
				"down": {"uv": [6, 8.75, 5.5, 9], "texture": "#1"}
			}
		},
		{
			"from": [6.99993, 10.5, -5.47195],
			"to": [8.99993, 12.5, -4.47195],
			"rotation": {"angle": 0, "axis": "y", "origin": [0.99993, 6.5, 4.52805]},
			"faces": {
				"north": {"uv": [7.25, 0.5, 7.75, 1], "texture": "#1"},
				"east": {"uv": [8.75, 5.75, 9, 6.25], "texture": "#1"},
				"south": {"uv": [7.25, 1, 7.75, 1.5], "texture": "#1"},
				"west": {"uv": [8.75, 6.25, 9, 6.75], "texture": "#1"},
				"up": {"uv": [7, 9, 6.5, 8.75], "texture": "#1"},
				"down": {"uv": [7.5, 8.75, 7, 9], "texture": "#1"}
			}
		},
		{
			"from": [7.49993, 11, -5.47295],
			"to": [8.49993, 12, -5.47295],
			"rotation": {"angle": 0, "axis": "y", "origin": [0.99993, 6.5, 4.52805]},
			"faces": {
				"north": {"uv": [9.5, 3.75, 9.75, 4], "texture": "#1"},
				"east": {"uv": [0, 0, 0, 0.25], "texture": "#1"},
				"south": {"uv": [9.5, 4, 9.75, 4.25], "texture": "#1"},
				"west": {"uv": [0, 0, 0, 0.25], "texture": "#1"},
				"up": {"uv": [0.25, 0, 0, 0], "texture": "#1"},
				"down": {"uv": [0.25, 0, 0, 0], "texture": "#1"}
			}
		},
		{
			"from": [7.00993, 11.72457, -2.26511],
			"to": [8.98993, 13.72457, -1.26511],
			"rotation": {"angle": -45, "axis": "x", "origin": [7.99993, 13.12491, -1.43768]},
			"faces": {
				"north": {"uv": [1.25, 7.25, 1.75, 7.75], "texture": "#1"},
				"east": {"uv": [8.75, 7.25, 9, 7.75], "texture": "#1"},
				"south": {"uv": [1.75, 7.25, 2.25, 7.75], "texture": "#1"},
				"west": {"uv": [7.5, 8.75, 7.75, 9.25], "texture": "#1"},
				"up": {"uv": [8.25, 9, 7.75, 8.75], "texture": "#1"},
				"down": {"uv": [9.25, 7.75, 8.75, 8], "texture": "#1"}
			}
		},
		{
			"from": [7.00093, 12.74846, -2.07789],
			"to": [8.99893, 14.74846, -1.07789],
			"rotation": {"angle": 22.5, "axis": "x", "origin": [7.99993, 13.12491, -1.43768]},
			"faces": {
				"north": {"uv": [7.25, 2.5, 7.75, 3], "texture": "#1"},
				"east": {"uv": [8.75, 8, 9, 8.5], "texture": "#1"},
				"south": {"uv": [3, 7.25, 3.5, 7.75], "texture": "#1"},
				"west": {"uv": [8.25, 8.75, 8.5, 9.25], "texture": "#1"},
				"up": {"uv": [9.25, 8.75, 8.75, 8.5], "texture": "#1"},
				"down": {"uv": [9.25, 8.75, 8.75, 9], "texture": "#1"}
			}
		},
		{
			"from": [6.99993, 12.74846, -1.07789],
			"to": [8.99993, 14.74846, -0.07789],
			"rotation": {"angle": 22.5, "axis": "x", "origin": [7.99993, 13.12491, -1.43768]},
			"faces": {
				"north": {"uv": [7.25, 3, 7.75, 3.5], "texture": "#1"},
				"east": {"uv": [0.25, 9, 0.5, 9.5], "texture": "#1"},
				"south": {"uv": [3.5, 7.25, 4, 7.75], "texture": "#1"},
				"west": {"uv": [0.5, 9, 0.75, 9.5], "texture": "#1"},
				"up": {"uv": [1.25, 9.25, 0.75, 9], "texture": "#1"},
				"down": {"uv": [1.75, 9, 1.25, 9.25], "texture": "#1"}
			}
		},
		{
			"from": [7.00093, 14.1045, -1.5601],
			"to": [8.99893, 16.1045, -0.5601],
			"rotation": {"angle": 0, "axis": "x", "origin": [7.99993, 13.12491, -1.43768]},
			"faces": {
				"north": {"uv": [4, 7.25, 4.5, 7.75], "texture": "#1"},
				"east": {"uv": [9, 1.5, 9.25, 2], "texture": "#1"},
				"south": {"uv": [7.25, 4, 7.75, 4.5], "texture": "#1"},
				"west": {"uv": [1.75, 9, 2, 9.5], "texture": "#1"},
				"up": {"uv": [9.5, 2.25, 9, 2], "texture": "#1"},
				"down": {"uv": [9.5, 2.25, 9, 2.5], "texture": "#1"}
			}
		},
		{
			"from": [6.99893, 14.1045, -0.5601],
			"to": [9.00893, 16.1045, 0.4399],
			"rotation": {"angle": 0, "axis": "x", "origin": [7.99993, 13.12491, -1.43768]},
			"faces": {
				"north": {"uv": [4.5, 7.25, 5, 7.75], "texture": "#1"},
				"east": {"uv": [2, 9, 2.25, 9.5], "texture": "#1"},
				"south": {"uv": [5, 7.25, 5.5, 7.75], "texture": "#1"},
				"west": {"uv": [2.5, 9, 2.75, 9.5], "texture": "#1"},
				"up": {"uv": [3.25, 9.25, 2.75, 9], "texture": "#1"},
				"down": {"uv": [9.5, 3.5, 9, 3.75], "texture": "#1"}
			}
		},
		{
			"from": [6.99993, 15.1045, 0.4399],
			"to": [8.99993, 16.1045, 1.4399],
			"rotation": {"angle": 0, "axis": "x", "origin": [7.99993, 14.12491, 0.56232]},
			"faces": {
				"north": {"uv": [3.75, 9, 4.25, 9.25], "texture": "#1"},
				"east": {"uv": [9.5, 4.25, 9.75, 4.5], "texture": "#1"},
				"south": {"uv": [9, 3.75, 9.5, 4], "texture": "#1"},
				"west": {"uv": [4.5, 9.5, 4.75, 9.75], "texture": "#1"},
				"up": {"uv": [9.5, 4.25, 9, 4], "texture": "#1"},
				"down": {"uv": [4.75, 9, 4.25, 9.25], "texture": "#1"}
			}
		},
		{
			"from": [7.00993, 1, 9.52805],
			"to": [8.98993, 3, 14.52805],
			"rotation": {"angle": 0, "axis": "y", "origin": [0.99993, 6, 12.52805]},
			"faces": {
				"north": {"uv": [5.5, 7.25, 6, 7.75], "texture": "#1"},
				"east": {"uv": [3, 5.25, 4.25, 5.75], "texture": "#1"},
				"south": {"uv": [7.25, 6, 7.75, 6.5], "texture": "#1"},
				"west": {"uv": [5.25, 3.5, 6.5, 4], "texture": "#1"},
				"up": {"uv": [5.75, 5.25, 5.25, 4], "texture": "#1"},
				"down": {"uv": [5.75, 5.25, 5.25, 6.5], "texture": "#1"}
			}
		},
		{
			"from": [6.99993, 0, 9.52805],
			"to": [8.99993, 1, 12.52805],
			"rotation": {"angle": 0, "axis": "y", "origin": [0.99993, 5, 11.52805]},
			"faces": {
				"north": {"uv": [9, 4.25, 9.5, 4.5], "texture": "#1"},
				"east": {"uv": [8, 7.25, 8.75, 7.5], "texture": "#1"},
				"south": {"uv": [9, 4.5, 9.5, 4.75], "texture": "#1"},
				"west": {"uv": [8, 7.5, 8.75, 7.75], "texture": "#1"},
				"up": {"uv": [6.75, 1.5, 6.25, 0.75], "texture": "#1"},
				"down": {"uv": [6.75, 4, 6.25, 4.75], "texture": "#1"}
			}
		},
		{
			"from": [6.99993, 2.30656, 14.06925],
			"to": [8.99993, 3.30656, 16.06925],
			"rotation": {"angle": -22.5, "axis": "x", "origin": [8.49993, 2.30656, 15.06925]},
			"faces": {
				"north": {"uv": [9, 4.75, 9.5, 5], "texture": "#1"},
				"east": {"uv": [5, 9, 5.5, 9.25], "texture": "#1"},
				"south": {"uv": [9, 5, 9.5, 5.25], "texture": "#1"},
				"west": {"uv": [9, 5.25, 9.5, 5.5], "texture": "#1"},
				"up": {"uv": [7.75, 7, 7.25, 6.5], "texture": "#1"},
				"down": {"uv": [1.25, 7.5, 0.75, 8], "texture": "#1"}
			}
		},
		{
			"from": [6.98993, 1.30656, 14.06925],
			"to": [9.00993, 2.30656, 16.06925],
			"rotation": {"angle": -22.5, "axis": "x", "origin": [8.49993, 2.30656, 15.06925]},
			"faces": {
				"north": {"uv": [5.5, 9, 6, 9.25], "texture": "#1"},
				"east": {"uv": [9, 5.5, 9.5, 5.75], "texture": "#1"},
				"south": {"uv": [9, 5.75, 9.5, 6], "texture": "#1"},
				"west": {"uv": [6, 9, 6.5, 9.25], "texture": "#1"},
				"up": {"uv": [8, 2, 7.5, 1.5], "texture": "#1"},
				"down": {"uv": [2.75, 7.5, 2.25, 8], "texture": "#1"}
			}
		},
		{
			"from": [6.99993, 1.76537, 15.9616],
			"to": [8.99993, 2.76537, 17.9616],
			"rotation": {"angle": -45, "axis": "x", "origin": [8.49993, 1.76537, 14.9616]},
			"faces": {
				"north": {"uv": [9, 6, 9.5, 6.25], "texture": "#1"},
				"east": {"uv": [9, 6.25, 9.5, 6.5], "texture": "#1"},
				"south": {"uv": [6.5, 9, 7, 9.25], "texture": "#1"},
				"west": {"uv": [9, 6.5, 9.5, 6.75], "texture": "#1"},
				"up": {"uv": [8, 5.5, 7.5, 5], "texture": "#1"},
				"down": {"uv": [6.5, 7.5, 6, 8], "texture": "#1"}
			}
		},
		{
			"from": [6.98993, 0.76537, 15.9616],
			"to": [9.00993, 1.76537, 17.9616],
			"rotation": {"angle": -45, "axis": "x", "origin": [8.49993, 1.76537, 14.9616]},
			"faces": {
				"north": {"uv": [9, 6.75, 9.5, 7], "texture": "#1"},
				"east": {"uv": [7, 9, 7.5, 9.25], "texture": "#1"},
				"south": {"uv": [9, 7, 9.5, 7.25], "texture": "#1"},
				"west": {"uv": [9, 7.25, 9.5, 7.5], "texture": "#1"},
				"up": {"uv": [7, 8, 6.5, 7.5], "texture": "#1"},
				"down": {"uv": [7.5, 7.5, 7, 8], "texture": "#1"}
			}
		},
		{
			"from": [6.99993, 4.63211, 14.48765],
			"to": [8.99993, 6.63211, 15.48765],
			"rotation": {"angle": 22.5, "axis": "x", "origin": [8.49993, 0.63211, 13.48765]},
			"faces": {
				"north": {"uv": [7.5, 7, 8, 7.5], "texture": "#1"},
				"east": {"uv": [3.25, 9, 3.5, 9.5], "texture": "#1"},
				"south": {"uv": [7.5, 7.5, 8, 8], "texture": "#1"},
				"west": {"uv": [7.75, 9, 8, 9.5], "texture": "#1"},
				"up": {"uv": [9.5, 7.75, 9, 7.5], "texture": "#1"},
				"down": {"uv": [9.5, 8, 9, 8.25], "texture": "#1"}
			}
		},
		{
			"from": [6.98993, 4.24943, 15.41153],
			"to": [9.00993, 6.24943, 16.41153],
			"rotation": {"angle": 22.5, "axis": "x", "origin": [8.50993, 0.24943, 14.41153]},
			"faces": {
				"north": {"uv": [0, 7.75, 0.5, 8.25], "texture": "#1"},
				"east": {"uv": [8, 9, 8.25, 9.5], "texture": "#1"},
				"south": {"uv": [7.75, 0, 8.25, 0.5], "texture": "#1"},
				"west": {"uv": [8.5, 9, 8.75, 9.5], "texture": "#1"},
				"up": {"uv": [9.5, 8.5, 9, 8.25], "texture": "#1"},
				"down": {"uv": [9.25, 9, 8.75, 9.25], "texture": "#1"}
			}
		},
		{
			"from": [7.00993, 5.00249, 7.58272],
			"to": [8.98993, 7.00249, 9.58272],
			"rotation": {"angle": 22.5, "axis": "x", "origin": [7.99993, 5.12491, 10.56232]},
			"faces": {
				"north": {"uv": [7.75, 0.5, 8.25, 1], "texture": "#1"},
				"east": {"uv": [7.75, 1, 8.25, 1.5], "texture": "#1"},
				"south": {"uv": [1.25, 7.75, 1.75, 8.25], "texture": "#1"},
				"west": {"uv": [1.75, 7.75, 2.25, 8.25], "texture": "#1"},
				"up": {"uv": [8.25, 2.5, 7.75, 2], "texture": "#1"},
				"down": {"uv": [8.25, 2.5, 7.75, 3], "texture": "#1"}
			}
		},
		{
			"from": [7.00993, 6.15205, 4.76268],
			"to": [8.98993, 7.15205, 8.76268],
			"rotation": {"angle": 0, "axis": "x", "origin": [7.99993, 6.27447, 9.74228]},
			"faces": {
				"north": {"uv": [9.25, 0, 9.75, 0.25], "texture": "#1"},
				"east": {"uv": [7.5, 5.5, 8.5, 5.75], "texture": "#1"},
				"south": {"uv": [9.25, 0.25, 9.75, 0.5], "texture": "#1"},
				"west": {"uv": [2.75, 7.75, 3.75, 8], "texture": "#1"},
				"up": {"uv": [3, 6.5, 2.5, 5.5], "texture": "#1"},
				"down": {"uv": [6.25, 0, 5.75, 1], "texture": "#1"}
			}
		},
		{
			"from": [7.00993, 4.74846, 9.92211],
			"to": [8.98993, 6.74846, 11.92211],
			"rotation": {"angle": -45, "axis": "x", "origin": [7.99993, 5.12491, 10.56232]},
			"faces": {
				"north": {"uv": [7.75, 3, 8.25, 3.5], "texture": "#1"},
				"east": {"uv": [7.75, 3.5, 8.25, 4], "texture": "#1"},
				"south": {"uv": [3.75, 7.75, 4.25, 8.25], "texture": "#1"},
				"west": {"uv": [7.75, 4, 8.25, 4.5], "texture": "#1"},
				"up": {"uv": [4.75, 8.25, 4.25, 7.75], "texture": "#1"},
				"down": {"uv": [8.25, 4.5, 7.75, 5], "texture": "#1"}
			}
		},
		{
			"from": [7.00993, 2.97247, 10.55539],
			"to": [8.98993, 3.97247, 12.55539],
			"rotation": {"angle": 0, "axis": "x", "origin": [7.99993, 5.12491, 10.56232]},
			"faces": {
				"north": {"uv": [9.25, 0.5, 9.75, 0.75], "texture": "#1"},
				"east": {"uv": [0.75, 9.25, 1.25, 9.5], "texture": "#1"},
				"south": {"uv": [9.25, 0.75, 9.75, 1], "texture": "#1"},
				"west": {"uv": [9.25, 1, 9.75, 1.25], "texture": "#1"},
				"up": {"uv": [5.25, 8.25, 4.75, 7.75], "texture": "#1"},
				"down": {"uv": [5.75, 7.75, 5.25, 8.25], "texture": "#1"}
			}
		},
		{
			"from": [6.98993, 2.97247, 11.55539],
			"to": [9.00993, 3.97247, 12.55539],
			"rotation": {"angle": 0, "axis": "x", "origin": [7.99993, 5.12491, 10.56232]},
			"faces": {
				"north": {"uv": [1.25, 9.25, 1.75, 9.5], "texture": "#1"},
				"east": {"uv": [9.5, 4.5, 9.75, 4.75], "texture": "#1"},
				"south": {"uv": [9.25, 1.25, 9.75, 1.5], "texture": "#1"},
				"west": {"uv": [4.75, 9.5, 5, 9.75], "texture": "#1"},
				"up": {"uv": [9.75, 1.75, 9.25, 1.5], "texture": "#1"},
				"down": {"uv": [9.75, 1.75, 9.25, 2], "texture": "#1"}
			}
		},
		{
			"from": [6.99993, 3.29748, 9.96266],
			"to": [8.99993, 5.29748, 11.96266],
			"rotation": {"angle": -22.5, "axis": "x", "origin": [7.99993, 5.12491, 10.56232]},
			"faces": {
				"north": {"uv": [7.75, 5.75, 8.25, 6.25], "texture": "#1"},
				"east": {"uv": [7.75, 6.25, 8.25, 6.75], "texture": "#1"},
				"south": {"uv": [0.5, 8, 1, 8.5], "texture": "#1"},
				"west": {"uv": [8, 1.5, 8.5, 2], "texture": "#1"},
				"up": {"uv": [2.75, 8.5, 2.25, 8], "texture": "#1"},
				"down": {"uv": [3.25, 8, 2.75, 8.5], "texture": "#1"}
			}
		},
		{
			"from": [7.49993, 7.41485, 14.02256],
			"to": [8.49993, 8.41485, 16.02256],
			"rotation": {"angle": -22.5, "axis": "x", "origin": [8.49993, 6.66485, 12.52256]},
			"faces": {
				"north": {"uv": [9.5, 4.75, 9.75, 5], "texture": "#1"},
				"east": {"uv": [9.25, 2.5, 9.75, 2.75], "texture": "#1"},
				"south": {"uv": [5, 9.5, 5.25, 9.75], "texture": "#1"},
				"west": {"uv": [2.75, 9.25, 3.25, 9.5], "texture": "#1"},
				"up": {"uv": [0.25, 9.75, 0, 9.25], "texture": "#1"},
				"down": {"uv": [2.5, 9.25, 2.25, 9.75], "texture": "#1"}
			}
		},
		{
			"from": [6.99993, 9, 11.52805],
			"to": [8.99993, 10, 14.52805],
			"rotation": {"angle": 0, "axis": "y", "origin": [0.99993, 6, 3.52805]},
			"faces": {
				"north": {"uv": [9.25, 2.75, 9.75, 3], "texture": "#1"},
				"east": {"uv": [8, 7.75, 8.75, 8], "texture": "#1"},
				"south": {"uv": [9.25, 3, 9.75, 3.25], "texture": "#1"},
				"west": {"uv": [8, 8, 8.75, 8.25], "texture": "#1"},
				"up": {"uv": [6.75, 6.5, 6.25, 5.75], "texture": "#1"},
				"down": {"uv": [0.75, 6.5, 0.25, 7.25], "texture": "#1"}
			}
		},
		{
			"from": [6.99993, 7, 9.52805],
			"to": [8.99993, 10, 10.52805],
			"rotation": {"angle": 0, "axis": "y", "origin": [0.99993, 6, 3.52805]},
			"faces": {
				"north": {"uv": [6.5, 1.5, 7, 2.25], "texture": "#1"},
				"east": {"uv": [0.75, 5.25, 1, 6], "texture": "#1"},
				"south": {"uv": [2, 6.5, 2.5, 7.25], "texture": "#1"},
				"west": {"uv": [1, 8, 1.25, 8.75], "texture": "#1"},
				"up": {"uv": [9.75, 3.5, 9.25, 3.25], "texture": "#1"},
				"down": {"uv": [4, 9.25, 3.5, 9.5], "texture": "#1"}
			}
		},
		{
			"from": [6.99993, 7, 8.52805],
			"to": [8.99993, 9, 9.52805],
			"rotation": {"angle": 0, "axis": "y", "origin": [0.99993, 6, 3.52805]},
			"faces": {
				"north": {"uv": [3.25, 8, 3.75, 8.5], "texture": "#1"},
				"east": {"uv": [4, 9.25, 4.25, 9.75], "texture": "#1"},
				"south": {"uv": [8, 5, 8.5, 5.5], "texture": "#1"},
				"west": {"uv": [4.25, 9.25, 4.5, 9.75], "texture": "#1"},
				"up": {"uv": [5, 9.5, 4.5, 9.25], "texture": "#1"},
				"down": {"uv": [5.5, 9.25, 5, 9.5], "texture": "#1"}
			}
		},
		{
			"from": [7.00993, 5, 11.52805],
			"to": [8.98993, 6, 18.52805],
			"rotation": {"angle": 0, "axis": "y", "origin": [0.99993, -3, 10.52805]},
			"faces": {
				"north": {"uv": [5.5, 9.25, 6, 9.5], "texture": "#1"},
				"east": {"uv": [5.5, 3, 7.25, 3.25], "texture": "#1"},
				"south": {"uv": [6, 9.25, 6.5, 9.5], "texture": "#1"},
				"west": {"uv": [5.5, 3.25, 7.25, 3.5], "texture": "#1"},
				"up": {"uv": [4.5, 5.25, 4, 3.5], "texture": "#1"},
				"down": {"uv": [1.5, 4.5, 1, 6.25], "texture": "#1"}
			}
		},
		{
			"from": [6.98993, 4.99, 17.51805],
			"to": [9.00993, 5.99, 18.51805],
			"rotation": {"angle": 0, "axis": "y", "origin": [0.99993, -3, 10.52805]},
			"faces": {
				"north": {"uv": [6.5, 9.25, 7, 9.5], "texture": "#1"},
				"east": {"uv": [9.5, 5, 9.75, 5.25], "texture": "#1"},
				"south": {"uv": [7, 9.25, 7.5, 9.5], "texture": "#1"},
				"west": {"uv": [5.25, 9.5, 5.5, 9.75], "texture": "#1"},
				"up": {"uv": [9.75, 8, 9.25, 7.75], "texture": "#1"},
				"down": {"uv": [9.75, 8.5, 9.25, 8.75], "texture": "#1"}
			}
		},
		{
			"from": [6.99993, 6, 14.52805],
			"to": [8.99993, 7, 16.52805],
			"rotation": {"angle": 0, "axis": "y", "origin": [0.99993, -2, 14.52805]},
			"faces": {
				"north": {"uv": [8.75, 9.25, 9.25, 9.5], "texture": "#1"},
				"east": {"uv": [9.25, 8.75, 9.75, 9], "texture": "#1"},
				"south": {"uv": [9.25, 9, 9.75, 9.25], "texture": "#1"},
				"west": {"uv": [9.25, 9.25, 9.75, 9.5], "texture": "#1"},
				"up": {"uv": [6.25, 8.5, 5.75, 8], "texture": "#1"},
				"down": {"uv": [6.75, 8, 6.25, 8.5], "texture": "#1"}
			}
		},
		{
			"from": [7.00093, 6.38687, 15.44566],
			"to": [8.99893, 10.38687, 17.44566],
			"rotation": {"angle": -22.5, "axis": "x", "origin": [0.99993, 4.38687, 15.44566]},
			"faces": {
				"north": {"uv": [1.5, 5.75, 2, 6.75], "texture": "#1"},
				"east": {"uv": [3, 5.75, 3.5, 6.75], "texture": "#1"},
				"south": {"uv": [3.5, 5.75, 4, 6.75], "texture": "#1"},
				"west": {"uv": [4, 5.75, 4.5, 6.75], "texture": "#1"},
				"up": {"uv": [7.25, 8.5, 6.75, 8], "texture": "#1"},
				"down": {"uv": [8.5, 6.75, 8, 7.25], "texture": "#1"}
			}
		}
	],
	"display": {
		"thirdperson_righthand": {
			"rotation": [0, -12, 0],
			"translation": [1, -0.75, -4.25],
			"scale": [0.75, 0.75, 0.75]
		},
		"thirdperson_lefthand": {
			"rotation": [0, -12, 0],
			"translation": [1, -0.75, -4.25],
			"scale": [0.75, 0.75, 0.75]
		},
		"ground": {
			"translation": [0, 2, 0],
			"scale": [0.5, 0.5, 0.5]
		},
		"gui": {
			"rotation": [-90, 135, 90],
			"translation": [-1.75, -0.5, 0],
			"scale": [0.65, 0.65, 0.65]
		},
		"fixed": {
			"rotation": [-90, -135, -90],
			"translation": [2, -0.75, -0.25],
			"scale": [0.75, 0.75, 0.75]
		}
	},
	"groups": [
		{
			"name": "group",
			"origin": [7.99993, 13.12491, -1.43768],
			"color": 0,
			"children": [0, 1, 2, 3, 4, 5, 6, 7, 8, 9, 10, 11, 12, 13, 14, 15, 16, 17, 18, 19, 20, 21, 22, 23, 24, 25, 26, 27, 28, 29, 30, 31, 32, 33, 34, 35, 36, 37, 38, 39]
		},
		{
			"name": "grip",
			"origin": [0, -3, 0],
			"color": 4,
			"children": [40, 41, 42, 43, 44, 45, 46, 47, 48, 49, 50, 51, 52, 53, 54, 55, 56, 57, 58, 59, 60, 61]
		}
	]
}