{
    "credit": "Made with Blockbench", 
    "textures": {
        "main": "custom_item/photon_disc/shearang_spin"
    }, 
    "elements": [
        {
            "from": [ 7, 7, 6 ], 
            "to":   [ 12, 9, 7 ], 
            "faces": {
                "north": { "uv": [ 0.25, 2, 1.5, 2.5 ], "rotation":180, "texture": "#main" }, 
                "east":  { "uv": [ 1.5, 2, 1.75, 2.5 ], "rotation":180, "texture": "#main" }, 
                "south": { "uv": [ 1.75, 2, 3, 2.5 ], "rotation":180, "texture": "#main" }, 
                "west":  { "uv": [ 0, 2, 0.25, 2.5 ], "rotation":180, "texture": "#main" }, 
                "up":    { "uv": [ 2.75, 1.75, 1.5, 2 ], "rotation":180, "texture": "#main" }, 
                "down":  { "uv": [ 1.5, 2, 0.25, 1.75 ], "rotation":180, "texture": "#main" }
            }
        }, 
        {
            "from": [ 4, 7, 9 ], 
            "to":   [ 9, 9, 10 ], 
            "faces": {
                "north": { "uv": [ 0.25, 1.25, 1.5, 1.75 ], "rotation":180, "texture": "#main" }, 
                "east":  { "uv": [ 1.5, 1.25, 1.75, 1.75 ], "rotation":180, "texture": "#main" }, 
                "south": { "uv": [ 1.75, 1.25, 3, 1.75 ], "rotation":180, "texture": "#main" }, 
                "west":  { "uv": [ 0, 1.25, 0.25, 1.75 ], "rotation":180, "texture": "#main" }, 
                "up":    { "uv": [ 2.75, 1, 1.5, 1.25 ], "rotation":180, "texture": "#main" }, 
                "down":  { "uv": [ 1.5, 1.25, 0.25, 1 ], "rotation":180, "texture": "#main" }
            }
        }, 
        {
            "from": [ 9, 7, 7 ], 
            "to":   [ 10, 9, 9 ], 
            "faces": {
                "north": { "uv": [ 0.5, 4, 0.75, 4.5 ], "rotation":180, "texture": "#main" }, 
                "east":  { "uv": [ 0.75, 4, 1.25, 4.5 ], "rotation":180, "texture": "#main" }, 
                "south": { "uv": [ 1.25, 4, 1.5, 4.5 ], "rotation":180, "texture": "#main" }, 
                "west":  { "uv": [ 0, 4, 0.5, 4.5 ], "rotation":180, "texture": "#main" }, 
                "up":    { "uv": [ 1, 3.5, 0.75, 4 ], "rotation":180, "texture": "#main" }, 
                "down":  { "uv": [ 0.75, 4, 0.5, 3.5 ], "rotation":180, "texture": "#main" }
            }
        }, 
        {
            "from": [ 6, 7, 7 ], 
            "to":   [ 7, 9, 9 ], 
            "faces": {
                "north": { "uv": [ 2.5, 3.75, 2.75, 4.25 ], "rotation":180, "texture": "#main" }, 
                "east":  { "uv": [ 2.75, 3.75, 3.25, 4.25 ], "rotation":180, "texture": "#main" }, 
                "south": { "uv": [ 3.25, 3.75, 3.5, 4.25 ], "rotation":180, "texture": "#main" }, 
                "west":  { "uv": [ 2, 3.75, 2.5, 4.25 ], "rotation":180, "texture": "#main" }, 
                "up":    { "uv": [ 3, 3.25, 2.75, 3.75 ], "rotation":180, "texture": "#main" }, 
                "down":  { "uv": [ 2.75, 3.75, 2.5, 3.25 ], "rotation":180, "texture": "#main" }
            }
        }, 
        {
            "from": [ 12, 7.5, 7 ], 
            "to":   [ 17, 8.5, 8 ], 
            "faces": {
                "north": { "uv": [ 3, 2.5, 4.25, 2.75 ], "rotation":180, "texture": "#main" }, 
                "east":  { "uv": [ 4.25, 2.5, 4.5, 2.75 ], "rotation":180, "texture": "#main" }, 
                "south": { "uv": [ 4.5, 2.5, 5.75, 2.75 ], "rotation":180, "texture": "#main" }, 
                "west":  { "uv": [ 2.75, 2.5, 3, 2.75 ], "rotation":180, "texture": "#main" }, 
                "up":    { "uv": [ 5.5, 2.25, 4.25, 2.5 ], "rotation":180, "texture": "#main" }, 
                "down":  { "uv": [ 4.25, 2.5, 3, 2.25 ], "rotation":180, "texture": "#main" }
            }
        }, 
        {
            "from": [ -1, 7.5, 8 ], 
            "to":   [ 4, 8.5, 9 ], 
            "faces": {
                "north": { "uv": [ 3, 3, 4.25, 3.25 ], "rotation":180, "texture": "#main" }, 
                "east":  { "uv": [ 4.25, 3, 4.5, 3.25 ], "rotation":180, "texture": "#main" }, 
                "south": { "uv": [ 4.5, 3, 5.75, 3.25 ], "rotation":180, "texture": "#main" }, 
                "west":  { "uv": [ 2.75, 3, 3, 3.25 ], "rotation":180, "texture": "#main" }, 
                "up":    { "uv": [ 5.5, 2.75, 4.25, 3 ], "rotation":180, "texture": "#main" }, 
                "down":  { "uv": [ 4.25, 3, 3, 2.75 ], "rotation":180, "texture": "#main" }
            }
        }, 
        {
            "from": [ 12, 7.5, 6 ], 
            "to":   [ 16, 8.5, 7 ], 
            "faces": {
                "north": { "uv": [ 3.25, 1.25, 4.25, 1.5 ], "rotation":180, "texture": "#main" }, 
                "east":  { "uv": [ 4.25, 1.25, 4.5, 1.5 ], "rotation":180, "texture": "#main" }, 
                "south": { "uv": [ 4.5, 1.25, 5.5, 1.5 ], "rotation":180, "texture": "#main" }, 
                "west":  { "uv": [ 3, 1.25, 3.25, 1.5 ], "rotation":180, "texture": "#main" }, 
                "up":    { "uv": [ 5.25, 1, 4.25, 1.25 ], "rotation":180, "texture": "#main" }, 
                "down":  { "uv": [ 4.25, 1.25, 3.25, 1 ], "rotation":180, "texture": "#main" }
            }
        }, 
        {
            "from": [ 0, 7.5, 9 ], 
            "to":   [ 4, 8.5, 10 ], 
            "faces": {
                "north": { "uv": [ 0.25, 3.25, 1.25, 3.5 ], "rotation":180, "texture": "#main" }, 
                "east":  { "uv": [ 1.25, 3.25, 1.5, 3.5 ], "rotation":180, "texture": "#main" }, 
                "south": { "uv": [ 1.5, 3.25, 2.5, 3.5 ], "rotation":180, "texture": "#main" }, 
                "west":  { "uv": [ 0, 3.25, 0.25, 3.5 ], "rotation":180, "texture": "#main" }, 
                "up":    { "uv": [ 2.25, 3, 1.25, 3.25 ], "rotation":180, "texture": "#main" }, 
                "down":  { "uv": [ 1.25, 3.25, 0.25, 3 ], "rotation":180, "texture": "#main" }
            }
        }, 
        {
            "from": [ 8, 7.5, 5 ], 
            "to":   [ 13, 8.5, 6 ], 
            "faces": {
                "north": { "uv": [ 3, 1.75, 4.25, 2 ], "rotation":180, "texture": "#main" }, 
                "east":  { "uv": [ 4.25, 1.75, 4.5, 2 ], "rotation":180, "texture": "#main" }, 
                "south": { "uv": [ 4.5, 1.75, 5.75, 2 ], "rotation":180, "texture": "#main" }, 
                "west":  { "uv": [ 2.75, 1.75, 3, 2 ], "rotation":180, "texture": "#main" }, 
                "up":    { "uv": [ 5.5, 1.5, 4.25, 1.75 ], "rotation":180, "texture": "#main" }, 
                "down":  { "uv": [ 4.25, 1.75, 3, 1.5 ], "rotation":180, "texture": "#main" }
            }
        }, 
        {
            "from": [ 3, 7.5, 10 ], 
            "to":   [ 8, 8.5, 11 ], 
            "faces": {
                "north": { "uv": [ 0.25, 2.75, 1.5, 3 ], "rotation":180, "texture": "#main" }, 
                "east":  { "uv": [ 1.5, 2.75, 1.75, 3 ], "rotation":180, "texture": "#main" }, 
                "south": { "uv": [ 1.75, 2.75, 3, 3 ], "rotation":180, "texture": "#main" }, 
                "west":  { "uv": [ 0, 2.75, 0.25, 3 ], "rotation":180, "texture": "#main" }, 
                "up":    { "uv": [ 2.75, 2.5, 1.5, 2.75 ], "rotation":180, "texture": "#main" }, 
                "down":  { "uv": [ 1.5, 2.75, 0.25, 2.5 ], "rotation":180, "texture": "#main" }
            }
        }, 
        {
            "name": "blade", 
            "from": [ 10, 7.75, 7 ], 
            "to":   [ 12, 8.25, 8 ], 
            "rotation": { "angle": 0, "axis": "z", "origin": [8, 8.25, 8] }, 
            "faces": {
                "north": { "uv": [ 3.5, 0.5, 4, 0.75 ], "rotation":180, "texture": "#main" }, 
                "east":  { "uv": [ 4, 0.5, 4.25, 0.75 ], "rotation":180, "texture": "#main" }, 
                "south": { "uv": [ 4.25, 0.5, 4.75, 0.75 ], "rotation":180, "texture": "#main" }, 
                "west":  { "uv": [ 3.25, 0.5, 3.5, 0.75 ], "rotation":180, "texture": "#main" }, 
                "up":    { "uv": [ 4.5, 0.25, 4, 0.5 ], "rotation":180, "texture": "#main" }, 
                "down":  { "uv": [ 4, 0.5, 3.5, 0.25 ], "rotation":180, "texture": "#main" }
            }
        }, 
        {
            "name": "blade", 
            "from": [ 4, 7.75, 8 ], 
            "to":   [ 6, 8.25, 9 ], 
            "rotation": { "angle": 0, "axis": "z", "origin": [8, 8.25, 8] }, 
            "faces": {
                "north": { "uv": [ 3.25, 3.5, 3.75, 3.75 ], "rotation":180, "texture": "#main" }, 
                "east":  { "uv": [ 3.75, 3.5, 4, 3.75 ], "rotation":180, "texture": "#main" }, 
                "south": { "uv": [ 4, 3.5, 4.5, 3.75 ], "rotation":180, "texture": "#main" }, 
                "west":  { "uv": [ 3, 3.5, 3.25, 3.75 ], "rotation":180, "texture": "#main" }, 
                "up":    { "uv": [ 4.25, 3.25, 3.75, 3.5 ], "rotation":180, "texture": "#main" }, 
                "down":  { "uv": [ 3.75, 3.5, 3.25, 3.25 ], "rotation":180, "texture": "#main" }
            }
        }, 
        {
            "name": "blade", 
            "from": [ 12, 7.75, 8 ], 
            "to":   [ 18, 8.25, 9 ], 
            "rotation": { "angle": 0, "axis": "z", "origin": [8, 8.25, 8] }, 
            "faces": {
                "north": { "uv": [ 0.25, 0.75, 1.75, 1 ], "rotation":180, "texture": "#main" }, 
                "east":  { "uv": [ 1.75, 0.75, 2, 1 ], "rotation":180, "texture": "#main" }, 
                "south": { "uv": [ 2, 0.75, 3.5, 1 ], "rotation":180, "texture": "#main" }, 
                "west":  { "uv": [ 0, 0.75, 0.25, 1 ], "rotation":180, "texture": "#main" }, 
                "up":    { "uv": [ 3.25, 0.5, 1.75, 0.75 ], "rotation":180, "texture": "#main" }, 
                "down":  { "uv": [ 1.75, 0.75, 0.25, 0.5 ], "rotation":180, "texture": "#main" }
            }
        }, 
        {
            "name": "blade", 
            "from": [ -2, 7.75, 7 ], 
            "to":   [ 4, 8.25, 8 ], 
            "rotation": { "angle": 0, "axis": "z", "origin": [8, 8.25, 8] }, 
            "faces": {
                "north": { "uv": [ 0.25, 0.25, 1.75, 0.5 ], "rotation":180, "texture": "#main" }, 
                "east":  { "uv": [ 1.75, 0.25, 2, 0.5 ], "rotation":180, "texture": "#main" }, 
                "south": { "uv": [ 2, 0.25, 3.5, 0.5 ], "rotation":180, "texture": "#main" }, 
                "west":  { "uv": [ 0, 0.25, 0.25, 0.5 ], "rotation":180, "texture": "#main" }, 
                "up":    { "uv": [ 3.25, 0, 1.75, 0.25 ], "rotation":180, "texture": "#main" }, 
                "down":  { "uv": [ 1.75, 0.25, 0.25, 0 ], "rotation":180, "texture": "#main" }
            }
        }, 
        {
            "from": [ 7, 7, 6 ], 
            "to":   [ 12, 9, 7 ], 
            "rotation": { "angle": -45, "axis": "y", "origin": [8, 8, 8] }, 
            "faces": {
                "north": { "uv": [ 8.25, 2, 9.5, 2.5 ], "rotation":180, "texture": "#main" }, 
                "east":  { "uv": [ 9.5, 2, 9.75, 2.5 ], "rotation":180, "texture": "#main" }, 
                "south": { "uv": [ 9.75, 2, 11, 2.5 ], "rotation":180, "texture": "#main" }, 
                "west":  { "uv": [ 8, 2, 8.25, 2.5 ], "rotation":180, "texture": "#main" }, 
                "up":    { "uv": [ 10.75, 1.75, 9.5, 2 ], "rotation":180, "texture": "#main" }, 
                "down":  { "uv": [ 9.5, 2, 8.25, 1.75 ], "rotation":180, "texture": "#main" }
            }
        }, 
        {
            "from": [ 4, 7, 9 ], 
            "to":   [ 9, 9, 10 ], 
            "rotation": { "angle": -45, "axis": "y", "origin": [8, 8, 8] }, 
            "faces": {
                "north": { "uv": [ 8.25, 1.25, 9.5, 1.75 ], "rotation":180, "texture": "#main" }, 
                "east":  { "uv": [ 9.5, 1.25, 9.75, 1.75 ], "rotation":180, "texture": "#main" }, 
                "south": { "uv": [ 9.75, 1.25, 11, 1.75 ], "rotation":180, "texture": "#main" }, 
                "west":  { "uv": [ 8, 1.25, 8.25, 1.75 ], "rotation":180, "texture": "#main" }, 
                "up":    { "uv": [ 10.75, 1, 9.5, 1.25 ], "rotation":180, "texture": "#main" }, 
                "down":  { "uv": [ 9.5, 1.25, 8.25, 1 ], "rotation":180, "texture": "#main" }
            }
        }, 
        {
            "from": [ 9, 7, 7 ], 
            "to":   [ 10, 9, 9 ], 
            "rotation": { "angle": -45, "axis": "y", "origin": [8, 8, 8] }, 
            "faces": {
                "north": { "uv": [ 8.5, 4, 8.75, 4.5 ], "rotation":180, "texture": "#main" }, 
                "east":  { "uv": [ 8.75, 4, 9.25, 4.5 ], "rotation":180, "texture": "#main" }, 
                "south": { "uv": [ 9.25, 4, 9.5, 4.5 ], "rotation":180, "texture": "#main" }, 
                "west":  { "uv": [ 8, 4, 8.5, 4.5 ], "rotation":180, "texture": "#main" }, 
                "up":    { "uv": [ 9, 3.5, 8.75, 4 ], "rotation":180, "texture": "#main" }, 
                "down":  { "uv": [ 8.75, 4, 8.5, 3.5 ], "rotation":180, "texture": "#main" }
            }
        }, 
        {
            "from": [ 6, 7, 7 ], 
            "to":   [ 7, 9, 9 ], 
            "rotation": { "angle": -45, "axis": "y", "origin": [8, 8, 8] }, 
            "faces": {
                "north": { "uv": [ 10.5, 3.75, 10.75, 4.25 ], "rotation":180, "texture": "#main" }, 
                "east":  { "uv": [ 10.75, 3.75, 11.25, 4.25 ], "rotation":180, "texture": "#main" }, 
                "south": { "uv": [ 11.25, 3.75, 11.5, 4.25 ], "rotation":180, "texture": "#main" }, 
                "west":  { "uv": [ 10, 3.75, 10.5, 4.25 ], "rotation":180, "texture": "#main" }, 
                "up":    { "uv": [ 11, 3.25, 10.75, 3.75 ], "rotation":180, "texture": "#main" }, 
                "down":  { "uv": [ 10.75, 3.75, 10.5, 3.25 ], "rotation":180, "texture": "#main" }
            }
        }, 
        {
            "from": [ 12, 7.5, 7 ], 
            "to":   [ 17, 8.5, 8 ], 
            "rotation": { "angle": -45, "axis": "y", "origin": [8, 8, 8] }, 
            "faces": {
                "north": { "uv": [ 11, 2.5, 12.25, 2.75 ], "rotation":180, "texture": "#main" }, 
                "east":  { "uv": [ 12.25, 2.5, 12.5, 2.75 ], "rotation":180, "texture": "#main" }, 
                "south": { "uv": [ 12.5, 2.5, 13.75, 2.75 ], "rotation":180, "texture": "#main" }, 
                "west":  { "uv": [ 10.75, 2.5, 11, 2.75 ], "rotation":180, "texture": "#main" }, 
                "up":    { "uv": [ 13.5, 2.25, 12.25, 2.5 ], "rotation":180, "texture": "#main" }, 
                "down":  { "uv": [ 12.25, 2.5, 11, 2.25 ], "rotation":180, "texture": "#main" }
            }
        }, 
        {
            "from": [ -1, 7.5, 8 ], 
            "to":   [ 4, 8.5, 9 ], 
            "rotation": { "angle": -45, "axis": "y", "origin": [8, 8, 8] }, 
            "faces": {
                "north": { "uv": [ 11, 3, 12.25, 3.25 ], "rotation":180, "texture": "#main" }, 
                "east":  { "uv": [ 12.25, 3, 12.5, 3.25 ], "rotation":180, "texture": "#main" }, 
                "south": { "uv": [ 12.5, 3, 13.75, 3.25 ], "rotation":180, "texture": "#main" }, 
                "west":  { "uv": [ 10.75, 3, 11, 3.25 ], "rotation":180, "texture": "#main" }, 
                "up":    { "uv": [ 13.5, 2.75, 12.25, 3 ], "rotation":180, "texture": "#main" }, 
                "down":  { "uv": [ 12.25, 3, 11, 2.75 ], "rotation":180, "texture": "#main" }
            }
        }, 
        {
            "from": [ 12, 7.5, 6 ], 
            "to":   [ 16, 8.5, 7 ], 
            "rotation": { "angle": -45, "axis": "y", "origin": [8, 8, 8] }, 
            "faces": {
                "north": { "uv": [ 11.25, 1.25, 12.25, 1.5 ], "rotation":180, "texture": "#main" }, 
                "east":  { "uv": [ 12.25, 1.25, 12.5, 1.5 ], "rotation":180, "texture": "#main" }, 
                "south": { "uv": [ 12.5, 1.25, 13.5, 1.5 ], "rotation":180, "texture": "#main" }, 
                "west":  { "uv": [ 11, 1.25, 11.25, 1.5 ], "rotation":180, "texture": "#main" }, 
                "up":    { "uv": [ 13.25, 1, 12.25, 1.25 ], "rotation":180, "texture": "#main" }, 
                "down":  { "uv": [ 12.25, 1.25, 11.25, 1 ], "rotation":180, "texture": "#main" }
            }
        }, 
        {
            "from": [ 0, 7.5, 9 ], 
            "to":   [ 4, 8.5, 10 ], 
            "rotation": { "angle": -45, "axis": "y", "origin": [8, 8, 8] }, 
            "faces": {
                "north": { "uv": [ 8.25, 3.25, 9.25, 3.5 ], "rotation":180, "texture": "#main" }, 
                "east":  { "uv": [ 9.25, 3.25, 9.5, 3.5 ], "rotation":180, "texture": "#main" }, 
                "south": { "uv": [ 9.5, 3.25, 10.5, 3.5 ], "rotation":180, "texture": "#main" }, 
                "west":  { "uv": [ 8, 3.25, 8.25, 3.5 ], "rotation":180, "texture": "#main" }, 
                "up":    { "uv": [ 10.25, 3, 9.25, 3.25 ], "rotation":180, "texture": "#main" }, 
                "down":  { "uv": [ 9.25, 3.25, 8.25, 3 ], "rotation":180, "texture": "#main" }
            }
        }, 
        {
            "from": [ 8, 7.5, 5 ], 
            "to":   [ 13, 8.5, 6 ], 
            "rotation": { "angle": -45, "axis": "y", "origin": [8, 8, 8] }, 
            "faces": {
                "north": { "uv": [ 11, 1.75, 12.25, 2 ], "rotation":180, "texture": "#main" }, 
                "east":  { "uv": [ 12.25, 1.75, 12.5, 2 ], "rotation":180, "texture": "#main" }, 
                "south": { "uv": [ 12.5, 1.75, 13.75, 2 ], "rotation":180, "texture": "#main" }, 
                "west":  { "uv": [ 10.75, 1.75, 11, 2 ], "rotation":180, "texture": "#main" }, 
                "up":    { "uv": [ 13.5, 1.5, 12.25, 1.75 ], "rotation":180, "texture": "#main" }, 
                "down":  { "uv": [ 12.25, 1.75, 11, 1.5 ], "rotation":180, "texture": "#main" }
            }
        }, 
        {
            "from": [ 3, 7.5, 10 ], 
            "to":   [ 8, 8.5, 11 ], 
            "rotation": { "angle": -45, "axis": "y", "origin": [8, 8, 8] }, 
            "faces": {
                "north": { "uv": [ 8.25, 2.75, 9.5, 3 ], "rotation":180, "texture": "#main" }, 
                "east":  { "uv": [ 9.5, 2.75, 9.75, 3 ], "rotation":180, "texture": "#main" }, 
                "south": { "uv": [ 9.75, 2.75, 11, 3 ], "rotation":180, "texture": "#main" }, 
                "west":  { "uv": [ 8, 2.75, 8.25, 3 ], "rotation":180, "texture": "#main" }, 
                "up":    { "uv": [ 10.75, 2.5, 9.5, 2.75 ], "rotation":180, "texture": "#main" }, 
                "down":  { "uv": [ 9.5, 2.75, 8.25, 2.5 ], "rotation":180, "texture": "#main" }
            }
        }, 
        {
            "name": "blade", 
            "from": [ 10, 7.75, 7 ], 
            "to":   [ 12, 8.25, 8 ], 
            "rotation": { "angle": -45, "axis": "y", "origin": [8, 8.25, 8] }, 
            "faces": {
                "north": { "uv": [ 11.5, 0.5, 12, 0.75 ], "rotation":180, "texture": "#main" }, 
                "east":  { "uv": [ 12, 0.5, 12.25, 0.75 ], "rotation":180, "texture": "#main" }, 
                "south": { "uv": [ 12.25, 0.5, 12.75, 0.75 ], "rotation":180, "texture": "#main" }, 
                "west":  { "uv": [ 11.25, 0.5, 11.5, 0.75 ], "rotation":180, "texture": "#main" }, 
                "up":    { "uv": [ 12.5, 0.25, 12, 0.5 ], "rotation":180, "texture": "#main" }, 
                "down":  { "uv": [ 12, 0.5, 11.5, 0.25 ], "rotation":180, "texture": "#main" }
            }
        }, 
        {
            "name": "blade", 
            "from": [ 4, 7.75, 8 ], 
            "to":   [ 6, 8.25, 9 ], 
            "rotation": { "angle": -45, "axis": "y", "origin": [8, 8.25, 8] }, 
            "faces": {
                "north": { "uv": [ 11.25, 3.5, 11.75, 3.75 ], "rotation":180, "texture": "#main" }, 
                "east":  { "uv": [ 11.75, 3.5, 12, 3.75 ], "rotation":180, "texture": "#main" }, 
                "south": { "uv": [ 12, 3.5, 12.5, 3.75 ], "rotation":180, "texture": "#main" }, 
                "west":  { "uv": [ 11, 3.5, 11.25, 3.75 ], "rotation":180, "texture": "#main" }, 
                "up":    { "uv": [ 12.25, 3.25, 11.75, 3.5 ], "rotation":180, "texture": "#main" }, 
                "down":  { "uv": [ 11.75, 3.5, 11.25, 3.25 ], "rotation":180, "texture": "#main" }
            }
        }, 
        {
            "name": "blade", 
            "from": [ 12, 7.75, 8 ], 
            "to":   [ 18, 8.25, 9 ], 
            "rotation": { "angle": -45, "axis": "y", "origin": [8, 8.25, 8] }, 
            "faces": {
                "north": { "uv": [ 8.25, 0.75, 9.75, 1 ], "rotation":180, "texture": "#main" }, 
                "east":  { "uv": [ 9.75, 0.75, 10, 1 ], "rotation":180, "texture": "#main" }, 
                "south": { "uv": [ 10, 0.75, 11.5, 1 ], "rotation":180, "texture": "#main" }, 
                "west":  { "uv": [ 8, 0.75, 8.25, 1 ], "rotation":180, "texture": "#main" }, 
                "up":    { "uv": [ 11.25, 0.5, 9.75, 0.75 ], "rotation":180, "texture": "#main" }, 
                "down":  { "uv": [ 9.75, 0.75, 8.25, 0.5 ], "rotation":180, "texture": "#main" }
            }
        }, 
        {
            "name": "blade", 
            "from": [ -2, 7.75, 7 ], 
            "to":   [ 4, 8.25, 8 ], 
            "rotation": { "angle": -45, "axis": "y", "origin": [8, 8.25, 8] }, 
            "faces": {
                "north": { "uv": [ 8.25, 0.25, 9.75, 0.5 ], "rotation":180, "texture": "#main" }, 
                "east":  { "uv": [ 9.75, 0.25, 10, 0.5 ], "rotation":180, "texture": "#main" }, 
                "south": { "uv": [ 10, 0.25, 11.5, 0.5 ], "rotation":180, "texture": "#main" }, 
                "west":  { "uv": [ 8, 0.25, 8.25, 0.5 ], "rotation":180, "texture": "#main" }, 
                "up":    { "uv": [ 11.25, 0, 9.75, 0.25 ], "rotation":180, "texture": "#main" }, 
                "down":  { "uv": [ 9.75, 0.25, 8.25, 0 ], "rotation":180, "texture": "#main" }
            }
        }, 
        {
            "from": [ 9, 7, 7 ], 
            "to":   [ 10, 9, 12 ], 
            "faces": {
                "north": { "uv": [ 0, 10, 0.25, 10.5 ], "rotation":180, "texture": "#main" }, 
                "east":  { "uv": [ 0.25, 10, 1.5, 10.5 ], "rotation":180, "texture": "#main" }, 
                "south": { "uv": [ 1.5, 10, 1.75, 10.5 ], "rotation":180, "texture": "#main" }, 
                "west":  { "uv": [ 1.75, 10, 3, 10.5 ], "rotation":180, "texture": "#main" }, 
                "up":    { "uv": [ 2.75, 9.75, 1.5, 10 ], "rotation":270, "texture": "#main" }, 
                "down":  { "uv": [ 1.5, 10, 0.25, 9.75 ], "rotation":90, "texture": "#main" }
            }
        }, 
        {
            "from": [ 6, 7, 4 ], 
            "to":   [ 7, 9, 9 ], 
            "faces": {
                "north": { "uv": [ 0, 9.25, 0.25, 9.75 ], "rotation":180, "texture": "#main" }, 
                "east":  { "uv": [ 0.25, 9.25, 1.5, 9.75 ], "rotation":180, "texture": "#main" }, 
                "south": { "uv": [ 1.5, 9.25, 1.75, 9.75 ], "rotation":180, "texture": "#main" }, 
                "west":  { "uv": [ 1.75, 9.25, 3, 9.75 ], "rotation":180, "texture": "#main" }, 
                "up":    { "uv": [ 2.75, 9, 1.5, 9.25 ], "rotation":270, "texture": "#main" }, 
                "down":  { "uv": [ 1.5, 9.25, 0.25, 9 ], "rotation":90, "texture": "#main" }
            }
        }, 
        {
            "from": [ 7, 7, 9 ], 
            "to":   [ 9, 9, 10 ], 
            "faces": {
                "north": { "uv": [ 0, 12, 0.5, 12.5 ], "rotation":180, "texture": "#main" }, 
                "east":  { "uv": [ 0.5, 12, 0.75, 12.5 ], "rotation":180, "texture": "#main" }, 
                "south": { "uv": [ 0.75, 12, 1.25, 12.5 ], "rotation":180, "texture": "#main" }, 
                "west":  { "uv": [ 1.25, 12, 1.5, 12.5 ], "rotation":180, "texture": "#main" }, 
                "up":    { "uv": [ 1, 11.5, 0.75, 12 ], "rotation":270, "texture": "#main" }, 
                "down":  { "uv": [ 0.75, 12, 0.5, 11.5 ], "rotation":90, "texture": "#main" }
            }
        }, 
        {
            "from": [ 7, 7, 6 ], 
            "to":   [ 9, 9, 7 ], 
            "faces": {
                "north": { "uv": [ 2, 11.75, 2.5, 12.25 ], "rotation":180, "texture": "#main" }, 
                "east":  { "uv": [ 2.5, 11.75, 2.75, 12.25 ], "rotation":180, "texture": "#main" }, 
                "south": { "uv": [ 2.75, 11.75, 3.25, 12.25 ], "rotation":180, "texture": "#main" }, 
                "west":  { "uv": [ 3.25, 11.75, 3.5, 12.25 ], "rotation":180, "texture": "#main" }, 
                "up":    { "uv": [ 3, 11.25, 2.75, 11.75 ], "rotation":270, "texture": "#main" }, 
                "down":  { "uv": [ 2.75, 11.75, 2.5, 11.25 ], "rotation":90, "texture": "#main" }
            }
        }, 
        {
            "from": [ 8, 7.5, 12 ], 
            "to":   [ 9, 8.5, 17 ], 
            "faces": {
                "north": { "uv": [ 2.75, 10.5, 3, 10.75 ], "rotation":180, "texture": "#main" }, 
                "east":  { "uv": [ 3, 10.5, 4.25, 10.75 ], "rotation":180, "texture": "#main" }, 
                "south": { "uv": [ 4.25, 10.5, 4.5, 10.75 ], "rotation":180, "texture": "#main" }, 
                "west":  { "uv": [ 4.5, 10.5, 5.75, 10.75 ], "rotation":180, "texture": "#main" }, 
                "up":    { "uv": [ 5.5, 10.25, 4.25, 10.5 ], "rotation":270, "texture": "#main" }, 
                "down":  { "uv": [ 4.25, 10.5, 3, 10.25 ], "rotation":90, "texture": "#main" }
            }
        }, 
        {
            "from": [ 7, 7.5, -1 ], 
            "to":   [ 8, 8.5, 4 ], 
            "faces": {
                "north": { "uv": [ 2.75, 11, 3, 11.25 ], "rotation":180, "texture": "#main" }, 
                "east":  { "uv": [ 3, 11, 4.25, 11.25 ], "rotation":180, "texture": "#main" }, 
                "south": { "uv": [ 4.25, 11, 4.5, 11.25 ], "rotation":180, "texture": "#main" }, 
                "west":  { "uv": [ 4.5, 11, 5.75, 11.25 ], "rotation":180, "texture": "#main" }, 
                "up":    { "uv": [ 5.5, 10.75, 4.25, 11 ], "rotation":270, "texture": "#main" }, 
                "down":  { "uv": [ 4.25, 11, 3, 10.75 ], "rotation":90, "texture": "#main" }
            }
        }, 
        {
            "from": [ 9, 7.5, 12 ], 
            "to":   [ 10, 8.5, 16 ], 
            "faces": {
                "north": { "uv": [ 3, 9.25, 3.25, 9.5 ], "rotation":180, "texture": "#main" }, 
                "east":  { "uv": [ 3.25, 9.25, 4.25, 9.5 ], "rotation":180, "texture": "#main" }, 
                "south": { "uv": [ 4.25, 9.25, 4.5, 9.5 ], "rotation":180, "texture": "#main" }, 
                "west":  { "uv": [ 4.5, 9.25, 5.5, 9.5 ], "rotation":180, "texture": "#main" }, 
                "up":    { "uv": [ 5.25, 9, 4.25, 9.25 ], "rotation":270, "texture": "#main" }, 
                "down":  { "uv": [ 4.25, 9.25, 3.25, 9 ], "rotation":90, "texture": "#main" }
            }
        }, 
        {
            "from": [ 6, 7.5, 0 ], 
            "to":   [ 7, 8.5, 4 ], 
            "faces": {
                "north": { "uv": [ 0, 11.25, 0.25, 11.5 ], "rotation":180, "texture": "#main" }, 
                "east":  { "uv": [ 0.25, 11.25, 1.25, 11.5 ], "rotation":180, "texture": "#main" }, 
                "south": { "uv": [ 1.25, 11.25, 1.5, 11.5 ], "rotation":180, "texture": "#main" }, 
                "west":  { "uv": [ 1.5, 11.25, 2.5, 11.5 ], "rotation":180, "texture": "#main" }, 
                "up":    { "uv": [ 2.25, 11, 1.25, 11.25 ], "rotation":270, "texture": "#main" }, 
                "down":  { "uv": [ 1.25, 11.25, 0.25, 11 ], "rotation":90, "texture": "#main" }
            }
        }, 
        {
            "from": [ 10, 7.5, 8 ], 
            "to":   [ 11, 8.5, 13 ], 
            "faces": {
                "north": { "uv": [ 2.75, 9.75, 3, 10 ], "rotation":180, "texture": "#main" }, 
                "east":  { "uv": [ 3, 9.75, 4.25, 10 ], "rotation":180, "texture": "#main" }, 
                "south": { "uv": [ 4.25, 9.75, 4.5, 10 ], "rotation":180, "texture": "#main" }, 
                "west":  { "uv": [ 4.5, 9.75, 5.75, 10 ], "rotation":180, "texture": "#main" }, 
                "up":    { "uv": [ 5.5, 9.5, 4.25, 9.75 ], "rotation":270, "texture": "#main" }, 
                "down":  { "uv": [ 4.25, 9.75, 3, 9.5 ], "rotation":90, "texture": "#main" }
            }
        }, 
        {
            "from": [ 5, 7.5, 3 ], 
            "to":   [ 6, 8.5, 8 ], 
            "faces": {
                "north": { "uv": [ 0, 10.75, 0.25, 11 ], "rotation":180, "texture": "#main" }, 
                "east":  { "uv": [ 0.25, 10.75, 1.5, 11 ], "rotation":180, "texture": "#main" }, 
                "south": { "uv": [ 1.5, 10.75, 1.75, 11 ], "rotation":180, "texture": "#main" }, 
                "west":  { "uv": [ 1.75, 10.75, 3, 11 ], "rotation":180, "texture": "#main" }, 
                "up":    { "uv": [ 2.75, 10.5, 1.5, 10.75 ], "rotation":270, "texture": "#main" }, 
                "down":  { "uv": [ 1.5, 10.75, 0.25, 10.5 ], "rotation":90, "texture": "#main" }
            }
        }, 
        {
            "name": "blade", 
            "from": [ 8, 7.75, 10 ], 
            "to":   [ 9, 8.25, 12 ], 
            "rotation": { "angle": 0, "axis": "y", "origin": [8, 8.25, 8] }, 
            "faces": {
                "north": { "uv": [ 3.25, 8.5, 3.5, 8.75 ], "rotation":180, "texture": "#main" }, 
                "east":  { "uv": [ 3.5, 8.5, 4, 8.75 ], "rotation":180, "texture": "#main" }, 
                "south": { "uv": [ 4, 8.5, 4.25, 8.75 ], "rotation":180, "texture": "#main" }, 
                "west":  { "uv": [ 4.25, 8.5, 4.75, 8.75 ], "rotation":180, "texture": "#main" }, 
                "up":    { "uv": [ 4.5, 8.25, 4, 8.5 ], "rotation":270, "texture": "#main" }, 
                "down":  { "uv": [ 4, 8.5, 3.5, 8.25 ], "rotation":90, "texture": "#main" }
            }
        }, 
        {
            "name": "blade", 
            "from": [ 7, 7.75, 4 ], 
            "to":   [ 8, 8.25, 6 ], 
            "rotation": { "angle": 0, "axis": "y", "origin": [8, 8.25, 8] }, 
            "faces": {
                "north": { "uv": [ 3, 11.5, 3.25, 11.75 ], "rotation":180, "texture": "#main" }, 
                "east":  { "uv": [ 3.25, 11.5, 3.75, 11.75 ], "rotation":180, "texture": "#main" }, 
                "south": { "uv": [ 3.75, 11.5, 4, 11.75 ], "rotation":180, "texture": "#main" }, 
                "west":  { "uv": [ 4, 11.5, 4.5, 11.75 ], "rotation":180, "texture": "#main" }, 
                "up":    { "uv": [ 4.25, 11.25, 3.75, 11.5 ], "rotation":270, "texture": "#main" }, 
                "down":  { "uv": [ 3.75, 11.5, 3.25, 11.25 ], "rotation":90, "texture": "#main" }
            }
        }, 
        {
            "name": "blade", 
            "from": [ 7, 7.75, 12 ], 
            "to":   [ 8, 8.25, 18 ], 
            "rotation": { "angle": 0, "axis": "y", "origin": [8, 8.25, 8] }, 
            "faces": {
                "north": { "uv": [ 0, 8.75, 0.25, 9 ], "rotation":180, "texture": "#main" }, 
                "east":  { "uv": [ 0.25, 8.75, 1.75, 9 ], "rotation":180, "texture": "#main" }, 
                "south": { "uv": [ 1.75, 8.75, 2, 9 ], "rotation":180, "texture": "#main" }, 
                "west":  { "uv": [ 2, 8.75, 3.5, 9 ], "rotation":180, "texture": "#main" }, 
                "up":    { "uv": [ 3.25, 8.5, 1.75, 8.75 ], "rotation":270, "texture": "#main" }, 
                "down":  { "uv": [ 1.75, 8.75, 0.25, 8.5 ], "rotation":90, "texture": "#main" }
            }
        }, 
        {
            "name": "blade", 
            "from": [ 8, 7.75, -2 ], 
            "to":   [ 9, 8.25, 4 ], 
            "rotation": { "angle": 0, "axis": "y", "origin": [8, 8.25, 8] }, 
            "faces": {
                "north": { "uv": [ 0, 8.25, 0.25, 8.5 ], "rotation":180, "texture": "#main" }, 
                "east":  { "uv": [ 0.25, 8.25, 1.75, 8.5 ], "rotation":180, "texture": "#main" }, 
                "south": { "uv": [ 1.75, 8.25, 2, 8.5 ], "rotation":180, "texture": "#main" }, 
                "west":  { "uv": [ 2, 8.25, 3.5, 8.5 ], "rotation":180, "texture": "#main" }, 
                "up":    { "uv": [ 3.25, 8, 1.75, 8.25 ], "rotation":270, "texture": "#main" }, 
                "down":  { "uv": [ 1.75, 8.25, 0.25, 8 ], "rotation":90, "texture": "#main" }
            }
        }, 
        {
            "from": [ 9, 7, 7 ], 
            "to":   [ 10, 9, 12 ], 
            "rotation": { "angle": -45, "axis": "y", "origin": [8, 8, 8] }, 
            "faces": {
                "north": { "uv": [ 8, 10, 8.25, 10.5 ], "rotation":180, "texture": "#main" }, 
                "east":  { "uv": [ 8.25, 10, 9.5, 10.5 ], "rotation":180, "texture": "#main" }, 
                "south": { "uv": [ 9.5, 10, 9.75, 10.5 ], "rotation":180, "texture": "#main" }, 
                "west":  { "uv": [ 9.75, 10, 11, 10.5 ], "rotation":180, "texture": "#main" }, 
                "up":    { "uv": [ 10.75, 9.75, 9.5, 10 ], "rotation":270, "texture": "#main" }, 
                "down":  { "uv": [ 9.5, 10, 8.25, 9.75 ], "rotation":90, "texture": "#main" }
            }
        }, 
        {
            "from": [ 6, 7, 4 ], 
            "to":   [ 7, 9, 9 ], 
            "rotation": { "angle": -45, "axis": "y", "origin": [8, 8, 8] }, 
            "faces": {
                "north": { "uv": [ 8, 9.25, 8.25, 9.75 ], "rotation":180, "texture": "#main" }, 
                "east":  { "uv": [ 8.25, 9.25, 9.5, 9.75 ], "rotation":180, "texture": "#main" }, 
                "south": { "uv": [ 9.5, 9.25, 9.75, 9.75 ], "rotation":180, "texture": "#main" }, 
                "west":  { "uv": [ 9.75, 9.25, 11, 9.75 ], "rotation":180, "texture": "#main" }, 
                "up":    { "uv": [ 10.75, 9, 9.5, 9.25 ], "rotation":270, "texture": "#main" }, 
                "down":  { "uv": [ 9.5, 9.25, 8.25, 9 ], "rotation":90, "texture": "#main" }
            }
        }, 
        {
            "from": [ 7, 7, 9 ], 
            "to":   [ 9, 9, 10 ], 
            "rotation": { "angle": -45, "axis": "y", "origin": [8, 8, 8] }, 
            "faces": {
                "north": { "uv": [ 8, 12, 8.5, 12.5 ], "rotation":180, "texture": "#main" }, 
                "east":  { "uv": [ 8.5, 12, 8.75, 12.5 ], "rotation":180, "texture": "#main" }, 
                "south": { "uv": [ 8.75, 12, 9.25, 12.5 ], "rotation":180, "texture": "#main" }, 
                "west":  { "uv": [ 9.25, 12, 9.5, 12.5 ], "rotation":180, "texture": "#main" }, 
                "up":    { "uv": [ 9, 11.5, 8.75, 12 ], "rotation":270, "texture": "#main" }, 
                "down":  { "uv": [ 8.75, 12, 8.5, 11.5 ], "rotation":90, "texture": "#main" }
            }
        }, 
        {
            "from": [ 7, 7, 6 ], 
            "to":   [ 9, 9, 7 ], 
            "rotation": { "angle": -45, "axis": "y", "origin": [8, 8, 8] }, 
            "faces": {
                "north": { "uv": [ 10, 11.75, 10.5, 12.25 ], "rotation":180, "texture": "#main" }, 
                "east":  { "uv": [ 10.5, 11.75, 10.75, 12.25 ], "rotation":180, "texture": "#main" }, 
                "south": { "uv": [ 10.75, 11.75, 11.25, 12.25 ], "rotation":180, "texture": "#main" }, 
                "west":  { "uv": [ 11.25, 11.75, 11.5, 12.25 ], "rotation":180, "texture": "#main" }, 
                "up":    { "uv": [ 11, 11.25, 10.75, 11.75 ], "rotation":270, "texture": "#main" }, 
                "down":  { "uv": [ 10.75, 11.75, 10.5, 11.25 ], "rotation":90, "texture": "#main" }
            }
        }, 
        {
            "from": [ 8, 7.5, 12 ], 
            "to":   [ 9, 8.5, 17 ], 
            "rotation": { "angle": -45, "axis": "y", "origin": [8, 8, 8] }, 
            "faces": {
                "north": { "uv": [ 10.75, 10.5, 11, 10.75 ], "rotation":180, "texture": "#main" }, 
                "east":  { "uv": [ 11, 10.5, 12.25, 10.75 ], "rotation":180, "texture": "#main" }, 
                "south": { "uv": [ 12.25, 10.5, 12.5, 10.75 ], "rotation":180, "texture": "#main" }, 
                "west":  { "uv": [ 12.5, 10.5, 13.75, 10.75 ], "rotation":180, "texture": "#main" }, 
                "up":    { "uv": [ 13.5, 10.25, 12.25, 10.5 ], "rotation":270, "texture": "#main" }, 
                "down":  { "uv": [ 12.25, 10.5, 11, 10.25 ], "rotation":90, "texture": "#main" }
            }
        }, 
        {
            "from": [ 7, 7.5, -1 ], 
            "to":   [ 8, 8.5, 4 ], 
            "rotation": { "angle": -45, "axis": "y", "origin": [8, 8, 8] }, 
            "faces": {
                "north": { "uv": [ 10.75, 11, 11, 11.25 ], "rotation":180, "texture": "#main" }, 
                "east":  { "uv": [ 11, 11, 12.25, 11.25 ], "rotation":180, "texture": "#main" }, 
                "south": { "uv": [ 12.25, 11, 12.5, 11.25 ], "rotation":180, "texture": "#main" }, 
                "west":  { "uv": [ 12.5, 11, 13.75, 11.25 ], "rotation":180, "texture": "#main" }, 
                "up":    { "uv": [ 13.5, 10.75, 12.25, 11 ], "rotation":270, "texture": "#main" }, 
                "down":  { "uv": [ 12.25, 11, 11, 10.75 ], "rotation":90, "texture": "#main" }
            }
        }, 
        {
            "from": [ 9, 7.5, 12 ], 
            "to":   [ 10, 8.5, 16 ], 
            "rotation": { "angle": -45, "axis": "y", "origin": [8, 8, 8] }, 
            "faces": {
                "north": { "uv": [ 11, 9.25, 11.25, 9.5 ], "rotation":180, "texture": "#main" }, 
                "east":  { "uv": [ 11.25, 9.25, 12.25, 9.5 ], "rotation":180, "texture": "#main" }, 
                "south": { "uv": [ 12.25, 9.25, 12.5, 9.5 ], "rotation":180, "texture": "#main" }, 
                "west":  { "uv": [ 12.5, 9.25, 13.5, 9.5 ], "rotation":180, "texture": "#main" }, 
                "up":    { "uv": [ 13.25, 9, 12.25, 9.25 ], "rotation":270, "texture": "#main" }, 
                "down":  { "uv": [ 12.25, 9.25, 11.25, 9 ], "rotation":90, "texture": "#main" }
            }
        }, 
        {
            "from": [ 6, 7.5, 0 ], 
            "to":   [ 7, 8.5, 4 ], 
            "rotation": { "angle": -45, "axis": "y", "origin": [8, 8, 8] }, 
            "faces": {
                "north": { "uv": [ 8, 11.25, 8.25, 11.5 ], "rotation":180, "texture": "#main" }, 
                "east":  { "uv": [ 8.25, 11.25, 9.25, 11.5 ], "rotation":180, "texture": "#main" }, 
                "south": { "uv": [ 9.25, 11.25, 9.5, 11.5 ], "rotation":180, "texture": "#main" }, 
                "west":  { "uv": [ 9.5, 11.25, 10.5, 11.5 ], "rotation":180, "texture": "#main" }, 
                "up":    { "uv": [ 10.25, 11, 9.25, 11.25 ], "rotation":270, "texture": "#main" }, 
                "down":  { "uv": [ 9.25, 11.25, 8.25, 11 ], "rotation":90, "texture": "#main" }
            }
        }, 
        {
            "from": [ 10, 7.5, 8 ], 
            "to":   [ 11, 8.5, 13 ], 
            "rotation": { "angle": -45, "axis": "y", "origin": [8, 8, 8] }, 
            "faces": {
                "north": { "uv": [ 10.75, 9.75, 11, 10 ], "rotation":180, "texture": "#main" }, 
                "east":  { "uv": [ 11, 9.75, 12.25, 10 ], "rotation":180, "texture": "#main" }, 
                "south": { "uv": [ 12.25, 9.75, 12.5, 10 ], "rotation":180, "texture": "#main" }, 
                "west":  { "uv": [ 12.5, 9.75, 13.75, 10 ], "rotation":180, "texture": "#main" }, 
                "up":    { "uv": [ 13.5, 9.5, 12.25, 9.75 ], "rotation":270, "texture": "#main" }, 
                "down":  { "uv": [ 12.25, 9.75, 11, 9.5 ], "rotation":90, "texture": "#main" }
            }
        }, 
        {
            "from": [ 5, 7.5, 3 ], 
            "to":   [ 6, 8.5, 8 ], 
            "rotation": { "angle": -45, "axis": "y", "origin": [8, 8, 8] }, 
            "faces": {
                "north": { "uv": [ 8, 10.75, 8.25, 11 ], "rotation":180, "texture": "#main" }, 
                "east":  { "uv": [ 8.25, 10.75, 9.5, 11 ], "rotation":180, "texture": "#main" }, 
                "south": { "uv": [ 9.5, 10.75, 9.75, 11 ], "rotation":180, "texture": "#main" }, 
                "west":  { "uv": [ 9.75, 10.75, 11, 11 ], "rotation":180, "texture": "#main" }, 
                "up":    { "uv": [ 10.75, 10.5, 9.5, 10.75 ], "rotation":270, "texture": "#main" }, 
                "down":  { "uv": [ 9.5, 10.75, 8.25, 10.5 ], "rotation":90, "texture": "#main" }
            }
        }, 
        {
            "name": "blade", 
            "from": [ 8, 7.75, 10 ], 
            "to":   [ 9, 8.25, 12 ], 
            "rotation": { "angle": -45, "axis": "y", "origin": [8, 8.25, 8] }, 
            "faces": {
                "north": { "uv": [ 11.25, 8.5, 11.5, 8.75 ], "rotation":180, "texture": "#main" }, 
                "east":  { "uv": [ 11.5, 8.5, 12, 8.75 ], "rotation":180, "texture": "#main" }, 
                "south": { "uv": [ 12, 8.5, 12.25, 8.75 ], "rotation":180, "texture": "#main" }, 
                "west":  { "uv": [ 12.25, 8.5, 12.75, 8.75 ], "rotation":180, "texture": "#main" }, 
                "up":    { "uv": [ 12.5, 8.25, 12, 8.5 ], "rotation":270, "texture": "#main" }, 
                "down":  { "uv": [ 12, 8.5, 11.5, 8.25 ], "rotation":90, "texture": "#main" }
            }
        }, 
        {
            "name": "blade", 
            "from": [ 7, 7.75, 4 ], 
            "to":   [ 8, 8.25, 6 ], 
            "rotation": { "angle": -45, "axis": "y", "origin": [8, 8.25, 8] }, 
            "faces": {
                "north": { "uv": [ 11, 11.5, 11.25, 11.75 ], "rotation":180, "texture": "#main" }, 
                "east":  { "uv": [ 11.25, 11.5, 11.75, 11.75 ], "rotation":180, "texture": "#main" }, 
                "south": { "uv": [ 11.75, 11.5, 12, 11.75 ], "rotation":180, "texture": "#main" }, 
                "west":  { "uv": [ 12, 11.5, 12.5, 11.75 ], "rotation":180, "texture": "#main" }, 
                "up":    { "uv": [ 12.25, 11.25, 11.75, 11.5 ], "rotation":270, "texture": "#main" }, 
                "down":  { "uv": [ 11.75, 11.5, 11.25, 11.25 ], "rotation":90, "texture": "#main" }
            }
        }, 
        {
            "name": "blade", 
            "from": [ 7, 7.75, 12 ], 
            "to":   [ 8, 8.25, 18 ], 
            "rotation": { "angle": -45, "axis": "y", "origin": [8, 8.25, 8] }, 
            "faces": {
                "north": { "uv": [ 8, 8.75, 8.25, 9 ], "rotation":180, "texture": "#main" }, 
                "east":  { "uv": [ 8.25, 8.75, 9.75, 9 ], "rotation":180, "texture": "#main" }, 
                "south": { "uv": [ 9.75, 8.75, 10, 9 ], "rotation":180, "texture": "#main" }, 
                "west":  { "uv": [ 10, 8.75, 11.5, 9 ], "rotation":180, "texture": "#main" }, 
                "up":    { "uv": [ 11.25, 8.5, 9.75, 8.75 ], "rotation":270, "texture": "#main" }, 
                "down":  { "uv": [ 9.75, 8.75, 8.25, 8.5 ], "rotation":90, "texture": "#main" }
            }
        }, 
        {
            "name": "blade", 
            "from": [ 8, 7.75, -2 ], 
            "to":   [ 9, 8.25, 4 ], 
            "rotation": { "angle": -45, "axis": "y", "origin": [8, 8.25, 8] }, 
            "faces": {
                "north": { "uv": [ 8, 8.25, 8.25, 8.5 ], "rotation":180, "texture": "#main" }, 
                "east":  { "uv": [ 8.25, 8.25, 9.75, 8.5 ], "rotation":180, "texture": "#main" }, 
                "south": { "uv": [ 9.75, 8.25, 10, 8.5 ], "rotation":180, "texture": "#main" }, 
                "west":  { "uv": [ 10, 8.25, 11.5, 8.5 ], "rotation":180, "texture": "#main" }, 
                "up":    { "uv": [ 11.25, 8, 9.75, 8.25 ], "rotation":270, "texture": "#main" }, 
                "down":  { "uv": [ 9.75, 8.25, 8.25, 8 ], "rotation":90, "texture": "#main" }
            }
        }
    ], 
    "gui_light": "front", 
    "display": {
        "thirdperson_righthand": {
            "rotation": [ -35, 15, -90 ], 
            "translation": [ 0, -3, 0.25 ]
        }, 
        "thirdperson_lefthand": {
            "rotation": [ -35, 15, 90 ], 
            "translation": [ 0, -3, 0.25 ]
        }, 
        "firstperson_righthand": {
            "rotation": [ 25, 0, -90 ], 
            "translation": [ 1, 5.5, 1 ], 
            "scale": [ 0.8, 0.8, 0.8 ]
        }, 
        "firstperson_lefthand": {
            "rotation": [ 25, 0, 90 ], 
            "translation": [ 1, 5.5, 1 ], 
            "scale": [ 0.8, 0.8, 0.8 ]
        }, 
        "ground": {
            "rotation": [ 45, 0, -90 ], 
            "translation": [ 0, 2, 0 ], 
            "scale": [ 0.55, 0.55, 0.55 ]
        }, 
        "gui": {
            "rotation": [ -90, -45, 0 ]
        }, 
        "head": {
            "translation": [ 0, -6, 0 ], 
            "scale": [ 2.3, 2.3, 2.3 ]
        }, 
        "fixed": {
            "rotation": [ 90, 45, 0 ], 
            "translation": [ 0, 0, -1 ], 
            "scale": [ 1.35, 1.35, 1.35 ]
        }
    }, 
    "__comment": "Model animated using Fizzy's model animator - http://fizzy81.github.io/animated-models/"
}