{
    "parent": "item/3dmodel/weapon/wingman/ads",
        "display": {
			"thirdperson_righthand": {
				"rotation": [25, -12, 0],
				"translation": [0.5, 0.75, -0.75],
				"scale": [0.75, 0.75, 0.75]
			},
			"thirdperson_lefthand": {
				"rotation": [25, -12, 0],
				"translation": [0.5, 0.75, -0.75],
				"scale": [0.75, 0.75, 0.75]
			},
			"firstperson_righthand": {
				"rotation": [20, -10, 0],
				"translation": [-8.0, 12.7, 2.15],
				"scale": [0.85, 0.85, 0.85]
			},
			"firstperson_lefthand": {
				"rotation": [20, -10, 0],
				"translation": [-8.0, 12.7, 2.15],
				"scale": [0.85, 0.85, 0.85]
			}
    }
}