{
	"credit": "Made with Blockbench",
	"texture_size": [32, 32],
	"textures": {
		"1": "custom_item/craftsman_arms/pillage_shotgun"
	},
	"elements": [
		{
			"from": [7.002, 7.69136, 18.62567],
			"to": [9, 8.69136, 21.62567],
			"rotation": {"angle": 0, "axis": "y", "origin": [14, 8.0063, 43.09702]},
			"faces": {
				"north": {"uv": [13.5, 12.5, 14.5, 13], "texture": "#1"},
				"east": {"uv": [5.5, 13.5, 7, 14], "texture": "#1"},
				"south": {"uv": [13.5, 13, 14.5, 13.5], "texture": "#1"},
				"west": {"uv": [7, 13.5, 8.5, 14], "texture": "#1"},
				"up": {"uv": [10, 7, 9, 5.5], "texture": "#1"},
				"down": {"uv": [10.5, 11.5, 9.5, 13], "texture": "#1"}
			}
		},
		{
			"from": [7, 0.05664, 10.56574],
			"to": [9, 4.05664, 14.56574],
			"rotation": {"angle": 22.5, "axis": "x", "origin": [13.747, 0.89572, 37.79086]},
			"faces": {
				"north": {"uv": [11, 6.5, 12, 8.5], "texture": "#1"},
				"east": {"uv": [8.5, 0, 10.5, 2], "texture": "#1"},
				"south": {"uv": [11, 8.5, 12, 10.5], "texture": "#1"},
				"west": {"uv": [9.5, 2, 11.5, 4], "texture": "#1"},
				"up": {"uv": [12, 12.5, 11, 10.5], "texture": "#1"},
				"down": {"uv": [2.5, 11.5, 1.5, 13.5], "texture": "#1"}
			}
		},
		{
			"from": [7.001, 8.69136, 15.62567],
			"to": [8.999, 11.69136, 21.62567],
			"rotation": {"angle": 0, "axis": "x", "origin": [8.001, 11.19136, 18.62567]},
			"faces": {
				"north": {"uv": [12, 0, 13, 1.5], "texture": "#1"},
				"east": {"uv": [7, 7, 10, 8.5], "texture": "#1"},
				"south": {"uv": [12, 6.5, 13, 8], "texture": "#1"},
				"west": {"uv": [7.5, 4, 10.5, 5.5], "texture": "#1"},
				"up": {"uv": [11, 8.5, 10, 5.5], "texture": "#1"},
				"down": {"uv": [11, 8.5, 10, 11.5], "texture": "#1"}
			}
		},
		{
			"from": [7, 8.04121, 15.35716],
			"to": [9, 10.04121, 18.35716],
			"rotation": {"angle": -22.5, "axis": "x", "origin": [8.001, 9.04121, 16.85716]},
			"faces": {
				"north": {"uv": [6.5, 12.5, 7.5, 13.5], "texture": "#1"},
				"east": {"uv": [12, 8, 13.5, 9], "texture": "#1"},
				"south": {"uv": [13, 6, 14, 7], "texture": "#1"},
				"west": {"uv": [12, 9, 13.5, 10], "texture": "#1"},
				"up": {"uv": [13, 11.5, 12, 10], "texture": "#1"},
				"down": {"uv": [13, 11.5, 12, 13], "texture": "#1"}
			}
		},
		{
			"from": [6.5, 10, -6],
			"to": [9.498, 13, 1],
			"rotation": {"angle": 0, "axis": "x", "origin": [13.75, 3.06494, 3.97135]},
			"faces": {
				"north": {"uv": [7.5, 5.5, 9, 7], "texture": "#1"},
				"east": {"uv": [4, 4, 7.5, 5.5], "texture": "#1"},
				"south": {"uv": [11, 5, 12.5, 6.5], "texture": "#1"},
				"west": {"uv": [4, 5.5, 7.5, 7], "texture": "#1"},
				"up": {"uv": [5.5, 10.5, 4, 7], "texture": "#1"},
				"down": {"uv": [7, 7, 5.5, 10.5], "texture": "#1"}
			}
		},
		{
			"from": [7, 10.5, -9],
			"to": [9.002, 12.5, 6],
			"rotation": {"angle": 0, "axis": "y", "origin": [4.25, -2.5, 7]},
			"faces": {
				"north": {"uv": [13, 7, 14, 8], "texture": "#1"},
				"east": {"uv": [2, 2, 9.5, 3], "texture": "#1"},
				"south": {"uv": [9.5, 13, 10.5, 14], "texture": "#1"},
				"west": {"uv": [2, 3, 9.5, 4], "texture": "#1"},
				"up": {"uv": [3, 11.5, 2, 4], "texture": "#1"},
				"down": {"uv": [4, 4, 3, 11.5], "texture": "#1"}
			}
		},
		{
			"from": [7.5, 12.5, -8],
			"to": [8.502, 13.5, -6],
			"rotation": {"angle": 0, "axis": "y", "origin": [4.5, 2, 7]},
			"faces": {
				"north": {"uv": [10.5, 5, 11, 5.5], "texture": "#1"},
				"east": {"uv": [13.5, 13.5, 14.5, 14], "texture": "#1"},
				"south": {"uv": [12, 1.5, 12.5, 2], "texture": "#1"},
				"west": {"uv": [0, 14, 1, 14.5], "texture": "#1"},
				"up": {"uv": [2, 11.5, 1.5, 10.5], "texture": "#1"},
				"down": {"uv": [11, 11.5, 10.5, 12.5], "texture": "#1"}
			}
		},
		{
			"from": [7, 13, -11],
			"to": [9.002, 15, 6],
			"rotation": {"angle": 0, "axis": "y", "origin": [4.25, 0, 4]},
			"faces": {
				"north": {"uv": [13, 10, 14, 11], "texture": "#1"},
				"east": {"uv": [0, 0, 8.5, 1], "texture": "#1"},
				"south": {"uv": [13, 11, 14, 12], "texture": "#1"},
				"west": {"uv": [0, 1, 8.5, 2], "texture": "#1"},
				"up": {"uv": [1, 10.5, 0, 2], "texture": "#1"},
				"down": {"uv": [2, 2, 1, 10.5], "texture": "#1"}
			}
		},
		{
			"from": [7.5, 15, -10],
			"to": [8.502, 16, -8],
			"rotation": {"angle": 0, "axis": "y", "origin": [4.5, -1, 7]},
			"faces": {
				"north": {"uv": [12.5, 6, 13, 6.5], "texture": "#1"},
				"east": {"uv": [1, 14, 2, 14.5], "texture": "#1"},
				"south": {"uv": [14, 7.5, 14.5, 8], "texture": "#1"},
				"west": {"uv": [14, 1.5, 15, 2], "texture": "#1"},
				"up": {"uv": [2.5, 15, 2, 14], "texture": "#1"},
				"down": {"uv": [14.5, 2, 14, 3], "texture": "#1"}
			}
		},
		{
			"from": [7.5, 14, 7],
			"to": [9.5, 15, 11],
			"rotation": {"angle": 0, "axis": "y", "origin": [4.75, 0, 22]},
			"faces": {
				"north": {"uv": [2.5, 14, 3.5, 14.5], "texture": "#1"},
				"east": {"uv": [12.5, 3.5, 14.5, 4], "texture": "#1"},
				"south": {"uv": [14, 3, 15, 3.5], "texture": "#1"},
				"west": {"uv": [13, 1, 15, 1.5], "texture": "#1"},
				"up": {"uv": [12.5, 4, 11.5, 2], "texture": "#1"},
				"down": {"uv": [3.5, 11.5, 2.5, 13.5], "texture": "#1"}
			}
		},
		{
			"from": [6.5, 13, 7],
			"to": [7.5, 15, 11],
			"rotation": {"angle": 0, "axis": "y", "origin": [4.75, 0, 22]},
			"faces": {
				"north": {"uv": [3.5, 14, 4, 15], "texture": "#1"},
				"east": {"uv": [3.5, 11.5, 5.5, 12.5], "texture": "#1"},
				"south": {"uv": [14, 5, 14.5, 6], "texture": "#1"},
				"west": {"uv": [5.5, 11.5, 7.5, 12.5], "texture": "#1"},
				"up": {"uv": [12.5, 15, 12, 13], "texture": "#1"},
				"down": {"uv": [13.5, 12, 13, 14], "texture": "#1"}
			}
		},
		{
			"from": [6.5, 10.7315, 11.34985],
			"to": [9.5, 14.7315, 13.34985],
			"rotation": {"angle": 22.5, "axis": "x", "origin": [8, 13.2315, 12.34985]},
			"faces": {
				"north": {"uv": [0, 10.5, 1.5, 12.5], "texture": "#1"},
				"east": {"uv": [7.5, 11.5, 8.5, 13.5], "texture": "#1"},
				"south": {"uv": [10.5, 0, 12, 2], "texture": "#1"},
				"west": {"uv": [8.5, 11.5, 9.5, 13.5], "texture": "#1"},
				"up": {"uv": [1.5, 13.5, 0, 12.5], "texture": "#1"},
				"down": {"uv": [14, 1.5, 12.5, 2.5], "texture": "#1"}
			}
		},
		{
			"from": [6.5, 11, 6],
			"to": [9.5, 13, 12],
			"rotation": {"angle": 0, "axis": "y", "origin": [4.75, 0, 22]},
			"faces": {
				"north": {"uv": [12.5, 2.5, 14, 3.5], "texture": "#1"},
				"east": {"uv": [4, 10.5, 7, 11.5], "texture": "#1"},
				"south": {"uv": [3.5, 12.5, 5, 13.5], "texture": "#1"},
				"west": {"uv": [10.5, 4, 13.5, 5], "texture": "#1"},
				"up": {"uv": [8.5, 11.5, 7, 8.5], "texture": "#1"},
				"down": {"uv": [10, 8.5, 8.5, 11.5], "texture": "#1"}
			}
		},
		{
			"from": [8, 13, 7],
			"to": [9, 14, 11],
			"rotation": {"angle": 0, "axis": "y", "origin": [4.75, 0, 22]},
			"faces": {
				"north": {"uv": [9.5, 14, 10, 14.5], "texture": "#1"},
				"east": {"uv": [0, 13.5, 2, 14], "texture": "#1"},
				"south": {"uv": [10, 14, 10.5, 14.5], "texture": "#1"},
				"west": {"uv": [2, 13.5, 4, 14], "texture": "#1"},
				"up": {"uv": [13, 15, 12.5, 13], "texture": "#1"},
				"down": {"uv": [4.5, 13.5, 4, 15.5], "texture": "#1"}
			}
		},
		{
			"from": [6.5, 13, 11],
			"to": [9.5, 15, 12],
			"rotation": {"angle": 0, "axis": "y", "origin": [4.75, 0, 22]},
			"faces": {
				"north": {"uv": [5, 12.5, 6.5, 13.5], "texture": "#1"},
				"east": {"uv": [5.5, 14, 6, 15], "texture": "#1"},
				"south": {"uv": [12.5, 5, 14, 6], "texture": "#1"},
				"west": {"uv": [6, 14, 6.5, 15], "texture": "#1"},
				"up": {"uv": [15, 8.5, 13.5, 8], "texture": "#1"},
				"down": {"uv": [15, 8.5, 13.5, 9], "texture": "#1"}
			}
		},
		{
			"from": [7.002, 10.84462, 5.73254],
			"to": [9.002, 11.84462, 7.73254],
			"rotation": {"angle": -22.5, "axis": "x", "origin": [8.002, 11.34462, 6.73254]},
			"faces": {
				"north": {"uv": [14, 6, 15, 6.5], "texture": "#1"},
				"east": {"uv": [6.5, 14, 7.5, 14.5], "texture": "#1"},
				"south": {"uv": [14, 6.5, 15, 7], "texture": "#1"},
				"west": {"uv": [14, 7, 15, 7.5], "texture": "#1"},
				"up": {"uv": [14.5, 5, 13.5, 4], "texture": "#1"},
				"down": {"uv": [5.5, 13.5, 4.5, 14.5], "texture": "#1"}
			}
		},
		{
			"from": [6.5, 13, 6],
			"to": [9.5, 15, 7],
			"rotation": {"angle": 0, "axis": "y", "origin": [4.75, 0, 22]},
			"faces": {
				"north": {"uv": [10.5, 12.5, 12, 13.5], "texture": "#1"},
				"east": {"uv": [7.5, 14, 8, 15], "texture": "#1"},
				"south": {"uv": [13, 0, 14.5, 1], "texture": "#1"},
				"west": {"uv": [8, 14, 8.5, 15], "texture": "#1"},
				"up": {"uv": [15, 9.5, 13.5, 9], "texture": "#1"},
				"down": {"uv": [15, 9.5, 13.5, 10], "texture": "#1"}
			}
		},
		{
			"from": [7.5, 13.5, -11.001],
			"to": [8.5, 14.5, -11.001],
			"rotation": {"angle": 0, "axis": "y", "origin": [4.75, 14.5, -12]},
			"faces": {
				"north": {"uv": [14, 10, 14.5, 10.5], "texture": "#1"},
				"east": {"uv": [0, 0, 0, 0.5], "texture": "#1"},
				"south": {"uv": [10.5, 14, 11, 14.5], "texture": "#1"},
				"west": {"uv": [0, 0, 0, 0.5], "texture": "#1"},
				"up": {"uv": [0.5, 0, 0, 0], "texture": "#1"},
				"down": {"uv": [0.5, 0, 0, 0], "texture": "#1"}
			}
		},
		{
			"from": [7.5, 10.16072, 9.19203],
			"to": [8.5, 11.16072, 10.19203],
			"rotation": {"angle": 22.5, "axis": "x", "origin": [8, 10.53572, 10.69203]},
			"faces": {
				"north": {"uv": [14, 10.5, 14.5, 11], "texture": "#1"},
				"east": {"uv": [11, 14, 11.5, 14.5], "texture": "#1"},
				"south": {"uv": [14, 11, 14.5, 11.5], "texture": "#1"},
				"west": {"uv": [11.5, 14, 12, 14.5], "texture": "#1"},
				"up": {"uv": [14.5, 12, 14, 11.5], "texture": "#1"},
				"down": {"uv": [13.5, 14, 13, 14.5], "texture": "#1"}
			}
		},
		{
			"from": [7.5, 10.1241, 10.98752],
			"to": [8.5, 11.1241, 11.98752],
			"rotation": {"angle": -22.5, "axis": "x", "origin": [8, 10.53572, 10.69203]},
			"faces": {
				"north": {"uv": [13.5, 14, 14, 14.5], "texture": "#1"},
				"east": {"uv": [14, 14, 14.5, 14.5], "texture": "#1"},
				"south": {"uv": [0, 14.5, 0.5, 15], "texture": "#1"},
				"west": {"uv": [14.5, 0, 15, 0.5], "texture": "#1"},
				"up": {"uv": [1, 15, 0.5, 14.5], "texture": "#1"},
				"down": {"uv": [15, 0.5, 14.5, 1], "texture": "#1"}
			}
		},
		{
			"from": [7.5, 10.16072, 12.19203],
			"to": [8.5, 11.16072, 13.19203],
			"rotation": {"angle": 22.5, "axis": "x", "origin": [8, 10.53572, 10.69203]},
			"faces": {
				"north": {"uv": [1, 14.5, 1.5, 15], "texture": "#1"},
				"east": {"uv": [1.5, 14.5, 2, 15], "texture": "#1"},
				"south": {"uv": [14.5, 2, 15, 2.5], "texture": "#1"},
				"west": {"uv": [2.5, 14.5, 3, 15], "texture": "#1"},
				"up": {"uv": [15, 3, 14.5, 2.5], "texture": "#1"},
				"down": {"uv": [3.5, 14.5, 3, 15], "texture": "#1"}
			}
		},
		{
			"from": [7.5, 9.16072, 9.19203],
			"to": [8.5, 10.16072, 12.19203],
			"rotation": {"angle": 22.5, "axis": "x", "origin": [8, 10.53572, 10.69203]},
			"faces": {
				"north": {"uv": [14.5, 3.5, 15, 4], "texture": "#1"},
				"east": {"uv": [10.5, 13.5, 12, 14], "texture": "#1"},
				"south": {"uv": [14.5, 4, 15, 4.5], "texture": "#1"},
				"west": {"uv": [13.5, 12, 15, 12.5], "texture": "#1"},
				"up": {"uv": [9, 15, 8.5, 13.5], "texture": "#1"},
				"down": {"uv": [9.5, 13.5, 9, 15], "texture": "#1"}
			}
		}
	],
	"gui_light": "front",
	"display": {
		"thirdperson_righthand": {
			"rotation": [0, -12, 0],
			"translation": [1, -2.25, -2.5],
			"scale": [0.75, 0.75, 0.75]
		},
		"thirdperson_lefthand": {
			"rotation": [0, -12, 0],
			"translation": [1, -2.25, -2.5],
			"scale": [0.75, 0.75, 0.75]
		},
		"firstperson_righthand": {
			"rotation": [0, -10, 0],
			"translation": [9, 0, 4.5],
			"scale": [0.85, 0.85, 0.85]
		},
		"firstperson_lefthand": {
			"rotation": [0, -10, 0],
			"translation": [9, 0, 4.5],
			"scale": [0.85, 0.85, 0.85]
		},
		"ground": {
			"translation": [0, 4, 2],
			"scale": [0.55, 0.55, 0.55]
		},
		"gui": {
			"rotation": [-90, 135, 90],
			"translation": [0, -2.5, 0],
			"scale": [0.55, 0.55, 0.55]
		},
		"head": {
			"translation": [0, -9, -18.75],
			"scale": [1.27, 1.27, 1.27]
		},
		"fixed": {
			"rotation": [-90, -135, -90],
			"translation": [0.5, -3, -0.25],
			"scale": [0.65, 0.65, 0.65]
		}
	},
	"groups": [
		{
			"name": "stock",
			"origin": [8, 8, 8],
			"color": 0,
			"children": [0, 1, 2, 3, 4]
		},
		{
			"name": "metal",
			"origin": [-2.25, 14.5, -13],
			"color": 0,
			"children": [5, 6, 7, 8, 9, 10, 11, 12, 13, 14, 15, 16, 17]
		},
		{
			"name": "body",
			"origin": [-2.5, 0, -2],
			"color": 0,
			"children": [18, 19, 20, 21]
		}
	]
}