{
	"credit": "Made with Blockbench",
	"texture_size": [32, 32],
	"textures": {
		"1": "custom_item/craftsman_arms/craftsman_shotgun"
	},
	"elements": [
		{
			"from": [7.002, 7.69136, 18.62567],
			"to": [9, 8.69136, 21.62567],
			"rotation": {"angle": 0, "axis": "y", "origin": [14, 8.0063, 43.09702]},
			"faces": {
				"north": {"uv": [2, 14, 3, 14.5], "texture": "#1"},
				"east": {"uv": [13, 10, 14.5, 10.5], "texture": "#1"},
				"south": {"uv": [3, 14, 4, 14.5], "texture": "#1"},
				"west": {"uv": [13, 10.5, 14.5, 11], "texture": "#1"},
				"up": {"uv": [3, 13, 2, 11.5], "texture": "#1"},
				"down": {"uv": [4, 11.5, 3, 13], "texture": "#1"}
			}
		},
		{
			"from": [7, 0.05664, 10.56574],
			"to": [9, 4.05664, 14.56574],
			"rotation": {"angle": 22.5, "axis": "x", "origin": [13.747, 0.89572, 37.79086]},
			"faces": {
				"north": {"uv": [9.5, 8, 10.5, 10], "texture": "#1"},
				"east": {"uv": [4, 7, 6, 9], "texture": "#1"},
				"south": {"uv": [9.5, 10, 10.5, 12], "texture": "#1"},
				"west": {"uv": [7, 4, 9, 6], "texture": "#1"},
				"up": {"uv": [11.5, 2, 10.5, 0], "texture": "#1"},
				"down": {"uv": [11.5, 4, 10.5, 6], "texture": "#1"}
			}
		},
		{
			"from": [7.001, 8.69136, 15.62567],
			"to": [8.999, 11.69136, 21.62567],
			"rotation": {"angle": 0, "axis": "x", "origin": [8.001, 11.19136, 18.62567]},
			"faces": {
				"north": {"uv": [11.5, 4, 12.5, 5.5], "texture": "#1"},
				"east": {"uv": [4, 4, 7, 5.5], "texture": "#1"},
				"south": {"uv": [11.5, 5.5, 12.5, 7], "texture": "#1"},
				"west": {"uv": [4, 5.5, 7, 7], "texture": "#1"},
				"up": {"uv": [8.5, 11.5, 7.5, 8.5], "texture": "#1"},
				"down": {"uv": [9.5, 8.5, 8.5, 11.5], "texture": "#1"}
			}
		},
		{
			"from": [7, 8.04121, 15.35716],
			"to": [9, 10.04121, 18.35716],
			"rotation": {"angle": -22.5, "axis": "x", "origin": [8.001, 9.04121, 16.85716]},
			"faces": {
				"north": {"uv": [12.5, 0.5, 13.5, 1.5], "texture": "#1"},
				"east": {"uv": [7, 11.5, 8.5, 12.5], "texture": "#1"},
				"south": {"uv": [12.5, 8, 13.5, 9], "texture": "#1"},
				"west": {"uv": [11.5, 7, 13, 8], "texture": "#1"},
				"up": {"uv": [12.5, 9.5, 11.5, 8], "texture": "#1"},
				"down": {"uv": [9.5, 11.5, 8.5, 13], "texture": "#1"}
			}
		},
		{
			"from": [6.5, 14, 8],
			"to": [9.5, 15, 11],
			"rotation": {"angle": 0, "axis": "y", "origin": [4.75, 0, 23]},
			"faces": {
				"north": {"uv": [13, 11, 14.5, 11.5], "texture": "#1"},
				"east": {"uv": [13, 11.5, 14.5, 12], "texture": "#1"},
				"south": {"uv": [13, 12, 14.5, 12.5], "texture": "#1"},
				"west": {"uv": [13.5, 0.5, 15, 1], "texture": "#1"},
				"up": {"uv": [1.5, 11, 0, 9.5], "texture": "#1"},
				"down": {"uv": [7, 9.5, 5.5, 11], "texture": "#1"}
			}
		},
		{
			"from": [6.5, 15, 8],
			"to": [9.5, 16, 10],
			"rotation": {"angle": 0, "axis": "y", "origin": [4.75, 1, 23]},
			"faces": {
				"north": {"uv": [12.5, 13.5, 14, 14], "texture": "#1"},
				"east": {"uv": [1.5, 14.5, 2.5, 15], "texture": "#1"},
				"south": {"uv": [13.5, 12.5, 15, 13], "texture": "#1"},
				"west": {"uv": [2.5, 14.5, 3.5, 15], "texture": "#1"},
				"up": {"uv": [5.5, 13, 4, 12], "texture": "#1"},
				"down": {"uv": [11, 12, 9.5, 13], "texture": "#1"}
			}
		},
		{
			"from": [6.5, 10.7315, 11.34985],
			"to": [9.5, 14.7315, 13.34985],
			"rotation": {"angle": 22.5, "axis": "x", "origin": [8, 13.2315, 12.34985]},
			"faces": {
				"north": {"uv": [7.5, 0, 9, 2], "texture": "#1"},
				"east": {"uv": [10.5, 8, 11.5, 10], "texture": "#1"},
				"south": {"uv": [9, 0, 10.5, 2], "texture": "#1"},
				"west": {"uv": [10.5, 10, 11.5, 12], "texture": "#1"},
				"up": {"uv": [13, 10.5, 11.5, 9.5], "texture": "#1"},
				"down": {"uv": [13, 10.5, 11.5, 11.5], "texture": "#1"}
			}
		},
		{
			"from": [6.5, 11, 8],
			"to": [9.5, 13, 12],
			"rotation": {"angle": 0, "axis": "y", "origin": [4.75, 0, 22]},
			"faces": {
				"north": {"uv": [11.5, 11.5, 13, 12.5], "texture": "#1"},
				"east": {"uv": [0, 11, 2, 12], "texture": "#1"},
				"south": {"uv": [0, 12, 1.5, 13], "texture": "#1"},
				"west": {"uv": [4, 11, 6, 12], "texture": "#1"},
				"up": {"uv": [5.5, 11, 4, 9], "texture": "#1"},
				"down": {"uv": [10.5, 4, 9, 6], "texture": "#1"}
			}
		},
		{
			"from": [8.25, 13, 8],
			"to": [9.25, 14, 11],
			"rotation": {"angle": 0, "axis": "y", "origin": [4.75, 0, 23]},
			"faces": {
				"north": {"uv": [5.5, 9, 6, 9.5], "texture": "#1"},
				"east": {"uv": [13.5, 1, 15, 1.5], "texture": "#1"},
				"south": {"uv": [9, 8, 9.5, 8.5], "texture": "#1"},
				"west": {"uv": [13.5, 1.5, 15, 2], "texture": "#1"},
				"up": {"uv": [2, 11, 1.5, 9.5], "texture": "#1"},
				"down": {"uv": [11, 13, 10.5, 14.5], "texture": "#1"}
			}
		},
		{
			"from": [6.75, 13, 8],
			"to": [7.75, 14, 11],
			"rotation": {"angle": 0, "axis": "y", "origin": [4.75, 0, 23]},
			"faces": {
				"north": {"uv": [1.5, 15, 2, 15.5], "texture": "#1"},
				"east": {"uv": [13.5, 5.5, 15, 6], "texture": "#1"},
				"south": {"uv": [15, 1.5, 15.5, 2], "texture": "#1"},
				"west": {"uv": [13.5, 6, 15, 6.5], "texture": "#1"},
				"up": {"uv": [10, 15, 9.5, 13.5], "texture": "#1"},
				"down": {"uv": [10.5, 13.5, 10, 15], "texture": "#1"}
			}
		},
		{
			"from": [6.5, 13, 11],
			"to": [9.5, 15, 12],
			"rotation": {"angle": 0, "axis": "y", "origin": [4.75, 0, 22]},
			"faces": {
				"north": {"uv": [12, 1.5, 13.5, 2.5], "texture": "#1"},
				"east": {"uv": [7, 6, 7.5, 7], "texture": "#1"},
				"south": {"uv": [12, 2.5, 13.5, 3.5], "texture": "#1"},
				"west": {"uv": [4, 14, 4.5, 15], "texture": "#1"},
				"up": {"uv": [15, 2.5, 13.5, 2], "texture": "#1"},
				"down": {"uv": [15, 2.5, 13.5, 3], "texture": "#1"}
			}
		},
		{
			"from": [6.5, 11, 7],
			"to": [9.5, 16, 8],
			"rotation": {"angle": 0, "axis": "y", "origin": [4.75, -2, 23]},
			"faces": {
				"north": {"uv": [6, 7, 7.5, 9.5], "texture": "#1"},
				"east": {"uv": [1.5, 12, 2, 14.5], "texture": "#1"},
				"south": {"uv": [7.5, 6, 9, 8.5], "texture": "#1"},
				"west": {"uv": [5.5, 12, 6, 14.5], "texture": "#1"},
				"up": {"uv": [4.5, 14, 3, 13.5], "texture": "#1"},
				"down": {"uv": [15, 3, 13.5, 3.5], "texture": "#1"}
			}
		},
		{
			"from": [7.5, 9.16072, 8.19203],
			"to": [8.5, 11.16072, 9.19203],
			"rotation": {"angle": 22.5, "axis": "x", "origin": [8, 10.53572, 10.69203]},
			"faces": {
				"north": {"uv": [12.5, 14, 13, 15], "texture": "#1"},
				"east": {"uv": [13, 14, 13.5, 15], "texture": "#1"},
				"south": {"uv": [13.5, 14, 14, 15], "texture": "#1"},
				"west": {"uv": [14, 13.5, 14.5, 14.5], "texture": "#1"},
				"up": {"uv": [15, 7, 14.5, 6.5], "texture": "#1"},
				"down": {"uv": [8.5, 14.5, 8, 15], "texture": "#1"}
			}
		},
		{
			"from": [7.5, 10.1241, 10.98752],
			"to": [8.5, 11.1241, 11.98752],
			"rotation": {"angle": -22.5, "axis": "x", "origin": [8, 10.53572, 10.69203]},
			"faces": {
				"north": {"uv": [14.5, 9, 15, 9.5], "texture": "#1"},
				"east": {"uv": [14.5, 9.5, 15, 10], "texture": "#1"},
				"south": {"uv": [14.5, 10, 15, 10.5], "texture": "#1"},
				"west": {"uv": [10.5, 14.5, 11, 15], "texture": "#1"},
				"up": {"uv": [15, 11, 14.5, 10.5], "texture": "#1"},
				"down": {"uv": [11.5, 14.5, 11, 15], "texture": "#1"}
			}
		},
		{
			"from": [7.5, 10.16072, 12.19203],
			"to": [8.5, 11.16072, 13.19203],
			"rotation": {"angle": 22.5, "axis": "x", "origin": [8, 10.53572, 10.69203]},
			"faces": {
				"north": {"uv": [14.5, 11, 15, 11.5], "texture": "#1"},
				"east": {"uv": [14.5, 11.5, 15, 12], "texture": "#1"},
				"south": {"uv": [14.5, 12, 15, 12.5], "texture": "#1"},
				"west": {"uv": [14.5, 13, 15, 13.5], "texture": "#1"},
				"up": {"uv": [15, 14, 14.5, 13.5], "texture": "#1"},
				"down": {"uv": [14.5, 14.5, 14, 15], "texture": "#1"}
			}
		},
		{
			"from": [7.5, 9.16072, 9.19203],
			"to": [8.5, 10.16072, 12.19203],
			"rotation": {"angle": 22.5, "axis": "x", "origin": [8, 10.53572, 10.69203]},
			"faces": {
				"north": {"uv": [14.5, 14, 15, 14.5], "texture": "#1"},
				"east": {"uv": [13.5, 4.5, 15, 5], "texture": "#1"},
				"south": {"uv": [14.5, 14.5, 15, 15], "texture": "#1"},
				"west": {"uv": [13.5, 5, 15, 5.5], "texture": "#1"},
				"up": {"uv": [5, 15, 4.5, 13.5], "texture": "#1"},
				"down": {"uv": [9.5, 13.5, 9, 15], "texture": "#1"}
			}
		},
		{
			"from": [6, 12.5, 4],
			"to": [7, 14.5, 9],
			"rotation": {"angle": 0, "axis": "x", "origin": [6, 13.5, 8]},
			"faces": {
				"north": {"uv": [0, 14.5, 0.5, 15.5], "texture": "#1"},
				"east": {"uv": [9, 6, 11.5, 7], "texture": "#1"},
				"south": {"uv": [0.5, 14.5, 1, 15.5], "texture": "#1"},
				"west": {"uv": [9, 7, 11.5, 8], "texture": "#1"},
				"up": {"uv": [6.5, 15, 6, 12.5], "texture": "#1"},
				"down": {"uv": [7, 12.5, 6.5, 15], "texture": "#1"}
			}
		},
		{
			"from": [6, 11.5, 4],
			"to": [7, 12.5, 8],
			"rotation": {"angle": 0, "axis": "x", "origin": [6, 12.5, 9]},
			"faces": {
				"north": {"uv": [15, 3.5, 15.5, 4], "texture": "#1"},
				"east": {"uv": [12.5, 6.5, 14.5, 7], "texture": "#1"},
				"south": {"uv": [4, 15, 4.5, 15.5], "texture": "#1"},
				"west": {"uv": [12.5, 9, 14.5, 9.5], "texture": "#1"},
				"up": {"uv": [7.5, 11.5, 7, 9.5], "texture": "#1"},
				"down": {"uv": [8.5, 12.5, 8, 14.5], "texture": "#1"}
			}
		},
		{
			"from": [9, 12.5, 4],
			"to": [10, 14.5, 9],
			"rotation": {"angle": 0, "axis": "x", "origin": [6, 13.5, 8]},
			"faces": {
				"north": {"uv": [3.5, 14.5, 4, 15.5], "texture": "#1"},
				"east": {"uv": [9.5, 2, 12, 3], "texture": "#1"},
				"south": {"uv": [5.5, 14.5, 6, 15.5], "texture": "#1"},
				"west": {"uv": [9.5, 3, 12, 4], "texture": "#1"},
				"up": {"uv": [7.5, 15, 7, 12.5], "texture": "#1"},
				"down": {"uv": [8, 12.5, 7.5, 15], "texture": "#1"}
			}
		},
		{
			"from": [9, 11.5, 4],
			"to": [10, 12.5, 8],
			"rotation": {"angle": 0, "axis": "x", "origin": [6, 12.5, 9]},
			"faces": {
				"north": {"uv": [15, 4, 15.5, 4.5], "texture": "#1"},
				"east": {"uv": [3, 13, 5, 13.5], "texture": "#1"},
				"south": {"uv": [4.5, 15, 5, 15.5], "texture": "#1"},
				"west": {"uv": [13, 4, 15, 4.5], "texture": "#1"},
				"up": {"uv": [1.5, 15, 1, 13], "texture": "#1"},
				"down": {"uv": [13.5, 4.5, 13, 6.5], "texture": "#1"}
			}
		},
		{
			"from": [7.5, 12, -9.001],
			"to": [8.5, 13, -9.001],
			"rotation": {"angle": -45, "axis": "x", "origin": [5, 12.5, 4]},
			"faces": {
				"north": {"uv": [1, 15, 1.5, 15.5], "texture": "#1"},
				"east": {"uv": [0, 0, 0, 0.5], "texture": "#1"},
				"south": {"uv": [15, 1, 15.5, 1.5], "texture": "#1"},
				"west": {"uv": [0, 0, 0, 0.5], "texture": "#1"},
				"up": {"uv": [0.5, 0, 0, 0], "texture": "#1"},
				"down": {"uv": [0.5, 0, 0, 0], "texture": "#1"}
			}
		},
		{
			"from": [7.5, 14.5, -9.001],
			"to": [8.5, 15.5, -9.001],
			"rotation": {"angle": -45, "axis": "x", "origin": [5, 12.5, 4]},
			"faces": {
				"north": {"uv": [11.5, 1.5, 12, 2], "texture": "#1"},
				"east": {"uv": [0, 0, 0, 0.5], "texture": "#1"},
				"south": {"uv": [14.5, 3.5, 15, 4], "texture": "#1"},
				"west": {"uv": [0, 0, 0, 0.5], "texture": "#1"},
				"up": {"uv": [0.5, 0, 0, 0], "texture": "#1"},
				"down": {"uv": [0.5, 0, 0, 0], "texture": "#1"}
			}
		},
		{
			"from": [7.5, 12, 6.001],
			"to": [8.5, 13, 6.001],
			"rotation": {"angle": -45, "axis": "x", "origin": [5, 12.5, 4]},
			"faces": {
				"north": {"uv": [3, 15, 3.5, 15.5], "texture": "#1"},
				"east": {"uv": [0, 0, 0, 0.5], "texture": "#1"},
				"south": {"uv": [15, 3, 15.5, 3.5], "texture": "#1"},
				"west": {"uv": [0, 0, 0, 0.5], "texture": "#1"},
				"up": {"uv": [0.5, 0, 0, 0], "texture": "#1"},
				"down": {"uv": [0.5, 0, 0, 0], "texture": "#1"}
			}
		},
		{
			"from": [7.5, 14.5, 6.001],
			"to": [8.5, 15.5, 6.001],
			"rotation": {"angle": -45, "axis": "x", "origin": [5, 12.5, 4]},
			"faces": {
				"north": {"uv": [2.5, 15, 3, 15.5], "texture": "#1"},
				"east": {"uv": [0, 0, 0, 0.5], "texture": "#1"},
				"south": {"uv": [15, 2.5, 15.5, 3], "texture": "#1"},
				"west": {"uv": [0, 0, 0, 0.5], "texture": "#1"},
				"up": {"uv": [0.5, 0, 0, 0], "texture": "#1"},
				"down": {"uv": [0.5, 0, 0, 0], "texture": "#1"}
			}
		},
		{
			"from": [7, 14, -9],
			"to": [9.002, 16, 6],
			"rotation": {"angle": -45, "axis": "x", "origin": [5, 12.5, 4]},
			"faces": {
				"north": {"uv": [11.5, 12.5, 12.5, 13.5], "texture": "#1"},
				"east": {"uv": [0, 0, 7.5, 1], "texture": "#1"},
				"south": {"uv": [12.5, 12.5, 13.5, 13.5], "texture": "#1"},
				"west": {"uv": [0, 1, 7.5, 2], "texture": "#1"},
				"up": {"uv": [1, 9.5, 0, 2], "texture": "#1"},
				"down": {"uv": [2, 2, 1, 9.5], "texture": "#1"}
			}
		},
		{
			"from": [7, 11.5, -9],
			"to": [9.002, 13.5, 6],
			"rotation": {"angle": -45, "axis": "x", "origin": [5, 12.5, 4]},
			"faces": {
				"north": {"uv": [0, 13, 1, 14], "texture": "#1"},
				"east": {"uv": [2, 2, 9.5, 3], "texture": "#1"},
				"south": {"uv": [2, 13, 3, 14], "texture": "#1"},
				"west": {"uv": [2, 3, 9.5, 4], "texture": "#1"},
				"up": {"uv": [3, 11.5, 2, 4], "texture": "#1"},
				"down": {"uv": [4, 4, 3, 11.5], "texture": "#1"}
			}
		},
		{
			"from": [7.5, 13.5, -7],
			"to": [8.502, 14.5, -2],
			"rotation": {"angle": -45, "axis": "x", "origin": [5, 12.5, 4]},
			"faces": {
				"north": {"uv": [15, 0, 15.5, 0.5], "texture": "#1"},
				"east": {"uv": [12, 3.5, 14.5, 4], "texture": "#1"},
				"south": {"uv": [15, 0.5, 15.5, 1], "texture": "#1"},
				"west": {"uv": [12.5, 0, 15, 0.5], "texture": "#1"},
				"up": {"uv": [11.5, 14.5, 11, 12], "texture": "#1"},
				"down": {"uv": [13, 4, 12.5, 6.5], "texture": "#1"}
			}
		},
		{
			"from": [7.5, 13.5, 1],
			"to": [8.502, 14.5, 5],
			"rotation": {"angle": -45, "axis": "x", "origin": [5, 12.5, 4]},
			"faces": {
				"north": {"uv": [15, 4.5, 15.5, 5], "texture": "#1"},
				"east": {"uv": [13, 7, 15, 7.5], "texture": "#1"},
				"south": {"uv": [5, 15, 5.5, 15.5], "texture": "#1"},
				"west": {"uv": [13, 7.5, 15, 8], "texture": "#1"},
				"up": {"uv": [5.5, 15, 5, 13], "texture": "#1"},
				"down": {"uv": [9, 13, 8.5, 15], "texture": "#1"}
			}
		},
		{
			"from": [7.5, 16, -7],
			"to": [8.502, 17, -4],
			"rotation": {"angle": -45, "axis": "x", "origin": [5, 12.5, 4]},
			"faces": {
				"north": {"uv": [2, 15, 2.5, 15.5], "texture": "#1"},
				"east": {"uv": [13.5, 8, 15, 8.5], "texture": "#1"},
				"south": {"uv": [15, 2, 15.5, 2.5], "texture": "#1"},
				"west": {"uv": [13.5, 8.5, 15, 9], "texture": "#1"},
				"up": {"uv": [12, 15, 11.5, 13.5], "texture": "#1"},
				"down": {"uv": [12.5, 13.5, 12, 15], "texture": "#1"}
			}
		},
		{
			"from": [7, 10.5, 3],
			"to": [9, 11.5, 6],
			"rotation": {"angle": -45, "axis": "x", "origin": [5, 12.5, 4]},
			"faces": {
				"north": {"uv": [13.5, 13, 14.5, 13.5], "texture": "#1"},
				"east": {"uv": [9, 13, 10.5, 13.5], "texture": "#1"},
				"south": {"uv": [0, 14, 1, 14.5], "texture": "#1"},
				"west": {"uv": [13, 9.5, 14.5, 10], "texture": "#1"},
				"up": {"uv": [7, 12.5, 6, 11], "texture": "#1"},
				"down": {"uv": [12.5, 0, 11.5, 1.5], "texture": "#1"}
			}
		}
	],
	"gui_light": "front",
	"display": {
		"thirdperson_righthand": {
			"rotation": [65, 0, 0],
			"translation": [0, 1, -3],
			"scale": [0.75, 0.75, 0.75]
		},
		"thirdperson_lefthand": {
			"rotation": [65, 0, 0],
			"translation": [0, 1, -3],
			"scale": [0.75, 0.75, 0.75]
		},
		"firstperson_righthand": {
			"rotation": [0, -10, 0],
			"translation": [0, 0, 4.5],
			"scale": [0.85, 0.85, 0.85]
		},
		"firstperson_lefthand": {
			"rotation": [0, -10, 0],
			"translation": [0, 0, 4.5],
			"scale": [0.85, 0.85, 0.85]
		},
		"ground": {
			"translation": [0, 4, 2],
			"scale": [0.55, 0.55, 0.55]
		},
		"gui": {
			"rotation": [-90, 135, 90],
			"translation": [0, -2.5, 0],
			"scale": [0.55, 0.55, 0.55]
		},
		"head": {
			"translation": [0, -9, -18.75],
			"scale": [1.27, 1.27, 1.27]
		},
		"fixed": {
			"rotation": [-90, -135, -90],
			"translation": [0.5, -3, -0.25],
			"scale": [0.65, 0.65, 0.65]
		}
	},
	"groups": [
		{
			"name": "stock",
			"origin": [8, 8, 8],
			"color": 0,
			"children": [0, 1, 2, 3]
		},
		{
			"name": "metal",
			"origin": [-2.25, 14.5, -13],
			"color": 0,
			"children": [4, 5, 6, 7, 8, 9, 10, 11]
		},
		{
			"name": "body",
			"origin": [-2.5, 0, -2],
			"color": 0,
			"children": [12, 13, 14, 15, 16, 17, 18, 19]
		},
		{
			"name": "barrel",
			"origin": [-3, -14, 1],
			"color": 0,
			"children": [20, 21, 22, 23, 24, 25, 26, 27, 28, 29]
		}
	]
}