{
	"credit": "Made with Blockbench",
	"parent": "block/cube",
	"textures": {
		"0": "custom_item/custom_crafter"
	},
	"elements": [
		{
			"from": [0, 0, 0],
			"to": [16, 16, 16],
			"faces": {
				"north": {"uv": [4, 4, 8, 8], "texture": "#0"},
				"east": {"uv": [0, 4, 4, 8], "texture": "#0"},
				"south": {"uv": [12, 4, 16, 8], "texture": "#0"},
				"west": {"uv": [8, 4, 12, 8], "texture": "#0"},
				"up": {"uv": [8, 4, 4, 0], "texture": "#0"},
				"down": {"uv": [12, 0, 8, 4], "texture": "#0"}
			}
		},
		{
			"from": [3, 16, 3],
			"to": [13, 18, 13],
			"faces": {
				"north": {"uv": [2.5, 10.5, 5, 11], "texture": "#0"},
				"east": {"uv": [0, 10.5, 2.5, 11], "texture": "#0"},
				"south": {"uv": [7.5, 10.5, 10, 11], "texture": "#0"},
				"west": {"uv": [5, 10.5, 7.5, 11], "texture": "#0"},
				"up": {"uv": [5, 10.5, 2.5, 8], "texture": "#0"},
				"down": {"uv": [7.5, 8, 5, 10.5], "texture": "#0"}
			}
		}
	],
	"display": {
		"fixed": {
			"rotation": [-90, 0, 0],
			"translation": [0, 0, 18],
			"scale": [2.01, 2.01, 2.01]
		}
	}
}