{
	"credit": "Made with Blockbench",
	"ambientocclusion": false,
	"textures": {
		"2": "block/oak_door_top",
		"3": "block/oak_door_bottom"
	},
	"elements": [
		{
			"from": [0, 0, 6.5],
			"to": [16, 16, 9.5],
			"faces": {
				"north": {"uv": [16, 0, 0, 16], "texture": "#3"},
				"east": {"uv": [0, 0, 3, 16], "texture": "#3", "cullface": "south"},
				"south": {"uv": [0, 0, 16, 16], "texture": "#3", "cullface": "west"},
				"west": {"uv": [3, 0, 0, 16], "texture": "#3", "cullface": "north"},
				"down": {"uv": [13, 0, 16, 16], "rotation": 90, "texture": "#3", "cullface": "down"}
			}
		},
		{
			"from": [0, 16, 6.5],
			"to": [16, 32, 9.5],
			"faces": {
				"north": {"uv": [16, 0, 0, 16], "texture": "#2"},
				"east": {"uv": [0, 0, 3, 16], "texture": "#2", "cullface": "south"},
				"south": {"uv": [0, 0, 16, 16], "texture": "#2", "cullface": "west"},
				"west": {"uv": [3, 0, 0, 16], "texture": "#2", "cullface": "north"},
				"up": {"uv": [13, 0, 16, 16], "rotation": 270, "texture": "#2", "cullface": "up"}
			}
		}
	],
	"display": {
		"head": {
			"translation": [0, -24, 0],
			"scale": [2.3, 2.3, 2.3]
		}
	},
	"groups": [0,
		{
			"name": "door_top",
			"origin": [8, 8, 8],
			"color": 0,
			"children": [1]
		}
	]
}