{
	"credit": "Made with Blockbench",
	"texture_size": [32, 32],
	"textures": {
		"1": "custom_item/revo_reloader/tech_glow",
		"3": "custom_item/revo_reloader/revo_reloader"
	},
	"elements": [
		{
			"from": [6.5, 4, 3],
			"to": [9.5, 8, 5],
			"rotation": {"angle": 0, "axis": "y", "origin": [15, 9, 15]},
			"faces": {
				"north": {"uv": [2, 2, 3.5, 4], "texture": "#3"},
				"east": {"uv": [5, 1.5, 6, 3.5], "texture": "#3"},
				"south": {"uv": [2, 0, 3.5, 2], "texture": "#3"},
				"west": {"uv": [3, 5.5, 4, 7.5], "texture": "#3"},
				"up": {"uv": [8, 1, 6.5, 0], "texture": "#3"},
				"down": {"uv": [8.5, 7, 7, 8], "texture": "#3"}
			}
		},
		{
			"from": [7, 6, 5],
			"to": [9, 8, 8],
			"rotation": {"angle": 0, "axis": "y", "origin": [15, 14, 11]},
			"faces": {
				"north": {"uv": [1, 0, 2, 1], "texture": "#3"},
				"east": {"uv": [7, 1, 8.5, 2], "texture": "#3"},
				"south": {"uv": [9, 5.5, 10, 6.5], "texture": "#3"},
				"west": {"uv": [7, 2, 8.5, 3], "texture": "#3"},
				"up": {"uv": [6, 5, 5, 3.5], "texture": "#3"},
				"down": {"uv": [8, 3, 7, 4.5], "texture": "#3"}
			}
		},
		{
			"from": [7, 4, 2],
			"to": [9, 9, 3],
			"rotation": {"angle": 0, "axis": "y", "origin": [15, 14, 13]},
			"faces": {
				"north": {"uv": [0, 3.5, 1, 6], "texture": "#3"},
				"east": {"uv": [2, 8.5, 2.5, 11], "texture": "#3"},
				"south": {"uv": [2, 4, 3, 6.5], "texture": "#3"},
				"west": {"uv": [2.5, 8.5, 3, 11], "texture": "#3"},
				"up": {"uv": [7, 6, 6, 5.5], "texture": "#3"},
				"down": {"uv": [11, 1.5, 10, 2], "texture": "#3"}
			}
		},
		{
			"from": [7, 5, 1],
			"to": [9, 9, 2],
			"rotation": {"angle": 0, "axis": "y", "origin": [15, 15, 12]},
			"faces": {
				"north": {"uv": [4, 5.5, 5, 7.5], "texture": "#3"},
				"east": {"uv": [9, 6.5, 9.5, 8.5], "texture": "#3"},
				"south": {"uv": [0, 6, 1, 8], "texture": "#3"},
				"west": {"uv": [0, 9.5, 0.5, 11.5], "texture": "#3"},
				"up": {"uv": [11, 6, 10, 5.5], "texture": "#3"},
				"down": {"uv": [11, 6, 10, 6.5], "texture": "#3"}
			}
		},
		{
			"from": [6.5, 5, 8],
			"to": [9.5, 8, 10],
			"rotation": {"angle": 0, "axis": "y", "origin": [14.5, 13, 16]},
			"faces": {
				"north": {"uv": [3.5, 2, 5, 3.5], "texture": "#3"},
				"east": {"uv": [7, 4.5, 8, 6], "texture": "#3"},
				"south": {"uv": [5, 0, 6.5, 1.5], "texture": "#3"},
				"west": {"uv": [3, 7.5, 4, 9], "texture": "#3"},
				"up": {"uv": [8.5, 7, 7, 6], "texture": "#3"},
				"down": {"uv": [5.5, 7.5, 4, 8.5], "texture": "#3"}
			}
		},
		{
			"from": [6.5, 5, 10],
			"to": [9.5, 9, 11],
			"rotation": {"angle": 0, "axis": "y", "origin": [14.5, 14, 18]},
			"faces": {
				"north": {"uv": [3.5, 3.5, 5, 5.5], "texture": "#3"},
				"east": {"uv": [0.5, 9.5, 1, 11.5], "texture": "#3"},
				"south": {"uv": [3.5, 0, 5, 2], "texture": "#3"},
				"west": {"uv": [4, 9.5, 4.5, 11.5], "texture": "#3"},
				"up": {"uv": [11, 5.5, 9.5, 5], "texture": "#3"},
				"down": {"uv": [11, 7.5, 9.5, 8], "texture": "#3"}
			}
		},
		{
			"from": [7, 6, 11],
			"to": [9, 9, 13],
			"rotation": {"angle": 0, "axis": "y", "origin": [15, 14, 19]},
			"faces": {
				"north": {"uv": [0, 8, 1, 9.5], "texture": "#3"},
				"east": {"uv": [5.5, 8, 6.5, 9.5], "texture": "#3"},
				"south": {"uv": [6.5, 8, 7.5, 9.5], "texture": "#3"},
				"west": {"uv": [7.5, 8, 8.5, 9.5], "texture": "#3"},
				"up": {"uv": [5.5, 10.5, 4.5, 9.5], "texture": "#3"},
				"down": {"uv": [6.5, 9.5, 5.5, 10.5], "texture": "#3"}
			}
		},
		{
			"from": [7, 4, 5],
			"to": [9, 5, 8],
			"rotation": {"angle": 0, "axis": "y", "origin": [15, 12, 11]},
			"faces": {
				"north": {"uv": [10, 8.5, 11, 9], "texture": "#3"},
				"east": {"uv": [9.5, 8, 11, 8.5], "texture": "#3"},
				"south": {"uv": [10, 9, 11, 9.5], "texture": "#3"},
				"west": {"uv": [10, 1, 11.5, 1.5], "texture": "#3"},
				"up": {"uv": [9, 4.5, 8, 3], "texture": "#3"},
				"down": {"uv": [9, 4.5, 8, 6], "texture": "#3"}
			}
		},
		{
			"from": [6.5, 5, 5],
			"to": [7.5, 7, 8],
			"rotation": {"angle": 0, "axis": "y", "origin": [14.5, 13, 12]},
			"faces": {
				"north": {"uv": [7, 10.5, 7.5, 11.5], "texture": "#3"},
				"east": {"uv": [8, 0, 9.5, 1], "texture": "#3"},
				"south": {"uv": [7.5, 10.5, 8, 11.5], "texture": "#3"},
				"west": {"uv": [4, 8.5, 5.5, 9.5], "texture": "#3"},
				"up": {"uv": [3.5, 5.5, 3, 4], "texture": "#3"},
				"down": {"uv": [1.5, 10.5, 1, 12], "texture": "#3"}
			}
		},
		{
			"from": [8.5, 5, 5],
			"to": [9.5, 7, 8],
			"rotation": {"angle": 0, "axis": "y", "origin": [16.5, 13, 12]},
			"faces": {
				"north": {"uv": [8, 10.5, 8.5, 11.5], "texture": "#3"},
				"east": {"uv": [8.5, 8.5, 10, 9.5], "texture": "#3"},
				"south": {"uv": [8.5, 10.5, 9, 11.5], "texture": "#3"},
				"west": {"uv": [8.5, 1, 10, 2], "texture": "#3"},
				"up": {"uv": [2, 12, 1.5, 10.5], "texture": "#3"},
				"down": {"uv": [5, 10.5, 4.5, 12], "texture": "#3"}
			}
		},
		{
			"from": [7.5, 0, 9],
			"to": [8.5, 7, 11],
			"rotation": {"angle": -22.5, "axis": "x", "origin": [7, 6, 11]},
			"faces": {
				"north": {"uv": [1, 7, 1.5, 10.5], "texture": "#3"},
				"east": {"uv": [0, 0, 1, 3.5], "texture": "#3"},
				"south": {"uv": [1.5, 7, 2, 10.5], "texture": "#3"},
				"west": {"uv": [1, 1, 2, 4.5], "texture": "#3"},
				"up": {"uv": [9.5, 11.5, 9, 10.5], "texture": "#3"},
				"down": {"uv": [10, 10.5, 9.5, 11.5], "texture": "#3"}
			}
		},
		{
			"from": [7.5, 4.78604, 8.31421],
			"to": [8.5, 5.78604, 9.31421],
			"rotation": {"angle": 22.5, "axis": "x", "origin": [8, 5.28604, 8.81421]},
			"faces": {
				"north": {"uv": [2.5, 12, 2, 11.5], "rotation": 180, "texture": "#3"},
				"east": {"uv": [5.5, 7.5, 6, 8], "rotation": 90, "texture": "#3"},
				"south": {"uv": [3, 11.5, 2.5, 12], "texture": "#3"},
				"west": {"uv": [0.5, 11.5, 1, 12], "rotation": 270, "texture": "#3"},
				"up": {"uv": [0, 11.5, 0.5, 12], "texture": "#3"},
				"down": {"uv": [6.5, 1, 7, 1.5], "rotation": 180, "texture": "#3"}
			}
		},
		{
			"from": [7.5, 3, 11],
			"to": [8.5, 6, 12],
			"rotation": {"angle": -22.5, "axis": "x", "origin": [7, 6, 11]},
			"faces": {
				"north": {"uv": [5, 10.5, 5.5, 12], "texture": "#3"},
				"east": {"uv": [5.5, 10.5, 6, 12], "texture": "#3"},
				"south": {"uv": [6, 10.5, 6.5, 12], "texture": "#3"},
				"west": {"uv": [6.5, 10.5, 7, 12], "texture": "#3"},
				"up": {"uv": [3.5, 12, 3, 11.5], "texture": "#3"},
				"down": {"uv": [4, 11.5, 3.5, 12], "texture": "#3"}
			}
		},
		{
			"from": [7.5, 2, 2.8],
			"to": [8.5, 3, 4.8],
			"rotation": {"angle": -22.5, "axis": "x", "origin": [7, 6, 10.8]},
			"faces": {
				"north": {"uv": [4, 11.5, 4.5, 12], "texture": "#3"},
				"east": {"uv": [10, 10.5, 11, 11], "texture": "#3"},
				"south": {"uv": [7, 11.5, 7.5, 12], "texture": "#3"},
				"west": {"uv": [10.5, 0, 11.5, 0.5], "texture": "#3"},
				"up": {"uv": [11, 4, 10.5, 3], "texture": "#3"},
				"down": {"uv": [11, 4, 10.5, 5], "texture": "#3"}
			}
		},
		{
			"from": [7.5, 3, 2.8],
			"to": [8.5, 8, 4.8],
			"rotation": {"angle": -22.5, "axis": "x", "origin": [7, 6, 10.8]},
			"faces": {
				"north": {"uv": [8.5, 6, 9, 8.5], "texture": "#3"},
				"east": {"uv": [1, 4.5, 2, 7], "texture": "#3"},
				"south": {"uv": [3, 9, 3.5, 11.5], "texture": "#3"},
				"west": {"uv": [5, 5, 6, 7.5], "texture": "#3"},
				"up": {"uv": [11, 7.5, 10.5, 6.5], "texture": "#3"},
				"down": {"uv": [11, 9.5, 10.5, 10.5], "texture": "#3"}
			}
		},
		{
			"from": [7.5, 8, 3],
			"to": [8.5, 9, 8],
			"rotation": {"angle": 0, "axis": "y", "origin": [15.5, 16, 5]},
			"faces": {
				"north": {"uv": [7.5, 11.5, 8, 12], "texture": "#3"},
				"east": {"uv": [8.5, 2, 11, 2.5], "texture": "#3"},
				"south": {"uv": [8, 11.5, 8.5, 12], "texture": "#3"},
				"west": {"uv": [8.5, 2.5, 11, 3], "texture": "#3"},
				"up": {"uv": [4, 11.5, 3.5, 9], "texture": "#3"},
				"down": {"uv": [9.5, 3, 9, 5.5], "texture": "#3"}
			}
		},
		{
			"from": [7.5, 8.5, 1.01],
			"to": [8.5, 9.5, 3.01],
			"rotation": {"angle": 0, "axis": "y", "origin": [15.5, 16.5, 3]},
			"faces": {
				"north": {"uv": [8.5, 11.5, 9, 12], "texture": "#3"},
				"east": {"uv": [10.5, 0.5, 11.5, 1], "texture": "#3"},
				"south": {"uv": [9, 11.5, 9.5, 12], "texture": "#3"},
				"west": {"uv": [2, 11, 3, 11.5], "texture": "#3"},
				"up": {"uv": [10.5, 12, 10, 11], "texture": "#3"},
				"down": {"uv": [11, 11, 10.5, 12], "texture": "#3"}
			}
		},
		{
			"from": [7.5, 8.5, 8],
			"to": [8.5, 9.5, 10],
			"rotation": {"angle": 0, "axis": "x", "origin": [8, 9, 9]},
			"faces": {
				"north": {"uv": [11.5, 11.5, 12, 12], "texture": "#3"},
				"east": {"uv": [11, 4, 12, 4.5], "texture": "#3"},
				"south": {"uv": [11.5, 0, 12, 0.5], "texture": "#3"},
				"west": {"uv": [11, 4.5, 12, 5], "texture": "#3"},
				"up": {"uv": [11.5, 6, 11, 5], "texture": "#3"},
				"down": {"uv": [11.5, 6, 11, 7], "texture": "#3"}
			}
		},
		{
			"from": [7, 7, 8],
			"to": [9, 9, 10],
			"rotation": {"angle": 0, "axis": "y", "origin": [15, 15, 10]},
			"faces": {
				"north": {"uv": [6.5, 9.5, 7.5, 10.5], "texture": "#3"},
				"east": {"uv": [7.5, 9.5, 8.5, 10.5], "texture": "#3"},
				"south": {"uv": [8.5, 9.5, 9.5, 10.5], "texture": "#3"},
				"west": {"uv": [9.5, 9.5, 10.5, 10.5], "texture": "#3"},
				"up": {"uv": [10.5, 1, 9.5, 0], "texture": "#3"},
				"down": {"uv": [10.5, 3, 9.5, 4], "texture": "#3"}
			}
		},
		{
			"from": [7, 0, 5],
			"to": [9, 4, 7],
			"rotation": {"angle": 0, "axis": "y", "origin": [15.5, 11, 16]},
			"faces": {
				"north": {"uv": [6, 6, 7, 8], "texture": "#3"},
				"east": {"uv": [6, 1.5, 7, 3.5], "texture": "#3"},
				"south": {"uv": [6, 3.5, 7, 5.5], "texture": "#3"},
				"west": {"uv": [2, 6.5, 3, 8.5], "texture": "#3"},
				"up": {"uv": [10.5, 5, 9.5, 4], "texture": "#3"},
				"down": {"uv": [10.5, 6.5, 9.5, 7.5], "texture": "#3"}
			}
		},
		{
			"name": "glow",
			"from": [7, 7, 11],
			"to": [9, 8, 12],
			"rotation": {"angle": 0, "axis": "y", "origin": [16, 15, 19]},
			"faces": {
				"north": {"uv": [1, 1, 15, 15], "texture": "#1"},
				"east": {"uv": [1, 1, 15, 15], "texture": "#1"},
				"south": {"uv": [1, 1, 15, 15], "texture": "#1"},
				"west": {"uv": [1, 1, 15, 15], "texture": "#1"},
				"up": {"uv": [1, 1, 15, 15], "texture": "#1"},
				"down": {"uv": [1, 1, 15, 15], "texture": "#1"}
			}
		},
		{
			"name": "glow",
			"from": [7, 2, 5],
			"to": [9, 3, 7],
			"rotation": {"angle": 0, "axis": "y", "origin": [25, 12, 11]},
			"faces": {
				"north": {"uv": [1, 1, 15, 15], "texture": "#1"},
				"east": {"uv": [1, 1, 15, 15], "texture": "#1"},
				"south": {"uv": [1, 1, 15, 15], "texture": "#1"},
				"west": {"uv": [1, 1, 15, 15], "texture": "#1"},
				"up": {"uv": [1, 1, 15, 15], "texture": "#1"},
				"down": {"uv": [1, 1, 15, 15], "texture": "#1"}
			}
		},
		{
			"from": [7.5, 6, 0.99],
			"to": [8.5, 8, 0.99],
			"rotation": {"angle": 0, "axis": "y", "origin": [15.5, 14, 9]},
			"faces": {
				"north": {"uv": [11, 7, 11.5, 8], "texture": "#3"},
				"east": {"uv": [11, 8, 11.5, 9], "texture": "#3"},
				"south": {"uv": [11, 9, 11.5, 10], "texture": "#3"},
				"west": {"uv": [11, 10, 11.5, 11], "texture": "#3"},
				"up": {"uv": [12, 1, 11.5, 0.5], "texture": "#3"},
				"down": {"uv": [12, 1, 11.5, 1.5], "texture": "#3"}
			}
		}
	],
	"gui_light": "front",
	"display": {
		"thirdperson_righthand": {
			"rotation": [0, -12, 0],
			"translation": [0.25, 3, -1.75]
		},
		"thirdperson_lefthand": {
			"rotation": [0, -12, 0],
			"translation": [1.5, 3, -1.25]
		},
		"firstperson_righthand": {
			"rotation": [0, -10, 0],
			"translation": [9, 15.6, 2.5]
		},
		"firstperson_lefthand": {
			"rotation": [0, -10, 0],
			"translation": [9, 15.6, 2.5]
		},
		"ground": {
			"translation": [0, 4, 0],
			"scale": [0.7, 0.7, 0.7]
		},
		"gui": {
			"rotation": [-90, 135, 90],
			"translation": [1, 0, 0],
			"scale": [0.72, 0.72, 0.72]
		},
		"head": {
			"translation": [0, -3, 1.75],
			"scale": [2.3, 2.3, 2.3]
		},
		"fixed": {
			"rotation": [-90, -135, -90],
			"translation": [-1, 0.25, -0.25],
			"scale": [0.75, 0.75, 0.75]
		}
	}
}