{
	"credit": "Made with Blockbench",
	"texture_size": [32, 32],
	"textures": {
		"1": "custom_item/mozambique/mozambique"
		},
	"elements": [
		{
			"from": [6.5, 8, 5],
			"to": [9.5, 10, 7],
			"rotation": {"angle": 0, "axis": "y", "origin": [7.99996, 7.67965, 6.21364]},
			"faces": {
				"north": {"uv": [8, 7, 9.5, 8], "texture": "#1"},
				"east": {"uv": [6, 9.5, 7, 10.5], "texture": "#1"},
				"south": {"uv": [8, 8, 9.5, 9], "texture": "#1"},
				"west": {"uv": [0, 10, 1, 11], "texture": "#1"},
				"up": {"uv": [10, 1, 8.5, 0], "texture": "#1"},
				"down": {"uv": [10, 1, 8.5, 2], "texture": "#1"}
			}
		},
		{
			"from": [6.5, 9, 7],
			"to": [9.5, 10, 8],
			"rotation": {"angle": 0, "axis": "y", "origin": [7.99996, 7.67965, 6.21364]},
			"faces": {
				"north": {"uv": [6, 10.5, 7.5, 11], "texture": "#1"},
				"east": {"uv": [8.5, 4.5, 9, 5], "texture": "#1"},
				"south": {"uv": [10.5, 6, 12, 6.5], "texture": "#1"},
				"west": {"uv": [7.5, 12, 8, 12.5], "texture": "#1"},
				"up": {"uv": [12, 7, 10.5, 6.5], "texture": "#1"},
				"down": {"uv": [9, 10.5, 7.5, 11], "texture": "#1"}
			}
		},
		{
			"from": [6.5, 6, 4],
			"to": [9.5, 10, 5],
			"rotation": {"angle": 0, "axis": "x", "origin": [7.99996, 7.67965, 6.21364]},
			"faces": {
				"north": {"uv": [4, 1.5, 5.5, 3.5], "texture": "#1"},
				"east": {"uv": [5, 10, 5.5, 12], "texture": "#1"},
				"south": {"uv": [5.5, 1.5, 7, 3.5], "texture": "#1"},
				"west": {"uv": [5.5, 10, 6, 12], "texture": "#1"},
				"up": {"uv": [12, 9.5, 10.5, 9], "texture": "#1"},
				"down": {"uv": [12, 9.5, 10.5, 10], "texture": "#1"}
			}
		},
		{
			"from": [7, 6, 5],
			"to": [9, 8, 7],
			"rotation": {"angle": 0, "axis": "y", "origin": [7.99996, 7.67965, 6.21364]},
			"faces": {
				"north": {"uv": [10, 3.5, 11, 4.5], "texture": "#1"},
				"east": {"uv": [9, 10, 10, 11], "texture": "#1"},
				"south": {"uv": [10, 10, 11, 11], "texture": "#1"},
				"west": {"uv": [10.5, 2.5, 11.5, 3.5], "texture": "#1"},
				"up": {"uv": [4, 11.5, 3, 10.5], "texture": "#1"},
				"down": {"uv": [5, 10.5, 4, 11.5], "texture": "#1"}
			}
		},
		{
			"from": [6.5, 6.5, 4.999],
			"to": [9.5, 7.5, 6.999],
			"rotation": {"angle": 0, "axis": "y", "origin": [7.99996, 7.67965, 6.21364]},
			"faces": {
				"north": {"uv": [11, 3.5, 12.5, 4], "texture": "#1"},
				"east": {"uv": [11.5, 2, 12.5, 2.5], "texture": "#1"},
				"south": {"uv": [11, 4, 12.5, 4.5], "texture": "#1"},
				"west": {"uv": [11.5, 2.5, 12.5, 3], "texture": "#1"},
				"up": {"uv": [10, 4.5, 8.5, 3.5], "texture": "#1"},
				"down": {"uv": [10.5, 4.5, 9, 5.5], "texture": "#1"}
			}
		},
		{
			"from": [6.5, 9, -3],
			"to": [9.5, 10, 4],
			"rotation": {"angle": 0, "axis": "y", "origin": [7.99996, 7.67965, 6.21364]},
			"faces": {
				"north": {"uv": [6, 11, 7.5, 11.5], "texture": "#1"},
				"east": {"uv": [7, 2.5, 10.5, 3], "texture": "#1"},
				"south": {"uv": [7.5, 11, 9, 11.5], "texture": "#1"},
				"west": {"uv": [7, 3, 10.5, 3.5], "texture": "#1"},
				"up": {"uv": [1.5, 7, 0, 3.5], "texture": "#1"},
				"down": {"uv": [3, 3.5, 1.5, 7], "texture": "#1"}
			}
		},
		{
			"from": [7.5, 10, -2],
			"to": [8.5, 11, 0],
			"rotation": {"angle": 0, "axis": "y", "origin": [7.99996, 7.67965, 6.21364]},
			"faces": {
				"north": {"uv": [8, 12, 8.5, 12.5], "texture": "#1"},
				"east": {"uv": [3, 11.5, 4, 12], "texture": "#1"},
				"south": {"uv": [12, 8, 12.5, 8.5], "texture": "#1"},
				"west": {"uv": [11.5, 3, 12.5, 3.5], "texture": "#1"},
				"up": {"uv": [7.5, 2.5, 7, 1.5], "texture": "#1"},
				"down": {"uv": [4.5, 11.5, 4, 12.5], "texture": "#1"}
			}
		},
		{
			"from": [6, 6, -3],
			"to": [10, 9, 4],
			"rotation": {"angle": 0, "axis": "y", "origin": [7.99996, 7.67965, 6.21364]},
			"faces": {
				"north": {"uv": [6, 5, 8, 6.5], "texture": "#1"},
				"east": {"uv": [3, 3.5, 6.5, 5], "texture": "#1"},
				"south": {"uv": [6.5, 3.5, 8.5, 5], "texture": "#1"},
				"west": {"uv": [4, 0, 7.5, 1.5], "texture": "#1"},
				"up": {"uv": [2, 3.5, 0, 0], "texture": "#1"},
				"down": {"uv": [4, 0, 2, 3.5], "texture": "#1"}
			}
		},
		{
			"from": [7, 7, 7],
			"to": [9, 8, 13],
			"rotation": {"angle": 0, "axis": "y", "origin": [7.99996, 7.67965, 6.21364]},
			"faces": {
				"north": {"uv": [6, 11.5, 7, 12], "texture": "#1"},
				"east": {"uv": [8.5, 2, 11.5, 2.5], "texture": "#1"},
				"south": {"uv": [7, 11.5, 8, 12], "texture": "#1"},
				"west": {"uv": [9, 5.5, 12, 6], "texture": "#1"},
				"up": {"uv": [7, 9.5, 6, 6.5], "texture": "#1"},
				"down": {"uv": [1, 7, 0, 10], "texture": "#1"}
			}
		},
		{
			"from": [7, 8, 7],
			"to": [9, 9, 12],
			"rotation": {"angle": 0, "axis": "y", "origin": [7.99996, 7.67965, 6.21364]},
			"faces": {
				"north": {"uv": [8, 11.5, 9, 12], "texture": "#1"},
				"east": {"uv": [9.5, 7, 12, 7.5], "texture": "#1"},
				"south": {"uv": [9, 11.5, 10, 12], "texture": "#1"},
				"west": {"uv": [9.5, 7.5, 12, 8], "texture": "#1"},
				"up": {"uv": [2, 9.5, 1, 7], "texture": "#1"},
				"down": {"uv": [3, 7, 2, 9.5], "texture": "#1"}
			}
		},
		{
			"from": [7, 9, 8],
			"to": [9, 10, 11],
			"rotation": {"angle": 0, "axis": "y", "origin": [7.99996, 7.67965, 6.21364]},
			"faces": {
				"north": {"uv": [11.5, 10.5, 12.5, 11], "texture": "#1"},
				"east": {"uv": [9, 11, 10.5, 11.5], "texture": "#1"},
				"south": {"uv": [11.5, 11, 12.5, 11.5], "texture": "#1"},
				"west": {"uv": [11, 10, 12.5, 10.5], "texture": "#1"},
				"up": {"uv": [8, 10.5, 7, 9], "texture": "#1"},
				"down": {"uv": [9, 9, 8, 10.5], "texture": "#1"}
			}
		},
		{
			"from": [7.5, 1.2, 11.4],
			"to": [8.5, 3.2, 14.4],
			"rotation": {"angle": 0, "axis": "x", "origin": [7.99996, 7.67965, 6.21364]},
			"faces": {
				"north": {"uv": [4.5, 11.5, 5, 12.5], "texture": "#1"},
				"east": {"uv": [9, 6, 10.5, 7], "texture": "#1"},
				"south": {"uv": [10, 11.5, 10.5, 12.5], "texture": "#1"},
				"west": {"uv": [9, 9, 10.5, 10], "texture": "#1"},
				"up": {"uv": [0.5, 12.5, 0, 11], "texture": "#1"},
				"down": {"uv": [1, 11, 0.5, 12.5], "texture": "#1"}
			}
		},
		{
			"from": [7.5002, 0.41351, 8.91676],
			"to": [8.4992, 6.41351, 11.91676],
			"rotation": {"angle": -22.5, "axis": "x", "origin": [7.99996, 7.67965, 6.21364]},
			"faces": {
				"north": {"uv": [1, 9.5, 1.5, 12.5], "texture": "#1"},
				"east": {"uv": [3, 5, 4.5, 8], "texture": "#1"},
				"south": {"uv": [1.5, 9.5, 2, 12.5], "texture": "#1"},
				"west": {"uv": [4.5, 5, 6, 8], "texture": "#1"},
				"up": {"uv": [11, 12.5, 10.5, 11], "texture": "#1"},
				"down": {"uv": [11.5, 10.5, 11, 12], "texture": "#1"}
			}
		},
		{
			"from": [7, 3.41351, 8.91676],
			"to": [9, 4.41351, 12.91676],
			"rotation": {"angle": -22.5, "axis": "x", "origin": [7.99996, 7.67965, 6.21364]},
			"faces": {
				"north": {"uv": [12, 5.5, 13, 6], "texture": "#1"},
				"east": {"uv": [10.5, 4.5, 12.5, 5], "texture": "#1"},
				"south": {"uv": [6, 12, 7, 12.5], "texture": "#1"},
				"west": {"uv": [10.5, 5, 12.5, 5.5], "texture": "#1"},
				"up": {"uv": [6, 10, 5, 8], "texture": "#1"},
				"down": {"uv": [9, 5, 8, 7], "texture": "#1"}
			}
		},
		{
			"from": [7.5, 5, 5.5],
			"to": [8.5, 6, 10.5],
			"rotation": {"angle": 0, "axis": "x", "origin": [7.99996, 7.67965, 6.21364]},
			"faces": {
				"north": {"uv": [8.5, 12, 9, 12.5], "texture": "#1"},
				"east": {"uv": [9.5, 8, 12, 8.5], "texture": "#1"},
				"south": {"uv": [12, 8.5, 12.5, 9], "texture": "#1"},
				"west": {"uv": [9.5, 8.5, 12, 9], "texture": "#1"},
				"up": {"uv": [2.5, 12, 2, 9.5], "texture": "#1"},
				"down": {"uv": [3, 9.5, 2.5, 12], "texture": "#1"}
			}
		},
		{
			"from": [7.5005, 7.4459, 9.31789],
			"to": [8.4985, 8.4459, 10.31789],
			"rotation": {"angle": 22.5, "axis": "x", "origin": [7.99996, 7.67965, 6.21364]},
			"faces": {
				"north": {"uv": [9, 12, 9.5, 12.5], "texture": "#1"},
				"east": {"uv": [12, 9, 12.5, 9.5], "texture": "#1"},
				"south": {"uv": [9.5, 12, 10, 12.5], "texture": "#1"},
				"west": {"uv": [12, 9.5, 12.5, 10], "texture": "#1"},
				"up": {"uv": [11.5, 12.5, 11, 12], "texture": "#1"},
				"down": {"uv": [12, 12, 11.5, 12.5], "texture": "#1"}
			}
		},
		{
			"from": [7, 9.5, 2],
			"to": [9, 10.5, 7],
			"rotation": {"angle": 0, "axis": "x", "origin": [7.99996, 7.67965, 6.21364]},
			"faces": {
				"north": {"uv": [11.5, 11.5, 12.5, 12], "texture": "#1"},
				"east": {"uv": [10, 0, 12.5, 0.5], "texture": "#1"},
				"south": {"uv": [2, 12, 3, 12.5], "texture": "#1"},
				"west": {"uv": [10, 0.5, 12.5, 1], "texture": "#1"},
				"up": {"uv": [8, 9, 7, 6.5], "texture": "#1"},
				"down": {"uv": [8.5, 0, 7.5, 2.5], "texture": "#1"}
			}
		},
		{
			"from": [7, 5.5, -2],
			"to": [9, 6.5, 3],
			"rotation": {"angle": 0, "axis": "x", "origin": [7.99996, 7.67965, 6.21364]},
			"faces": {
				"north": {"uv": [3, 12, 4, 12.5], "texture": "#1"},
				"east": {"uv": [10, 1, 12.5, 1.5], "texture": "#1"},
				"south": {"uv": [5, 12, 6, 12.5], "texture": "#1"},
				"west": {"uv": [10, 1.5, 12.5, 2], "texture": "#1"},
				"up": {"uv": [4, 10.5, 3, 8], "texture": "#1"},
				"down": {"uv": [5, 8, 4, 10.5], "texture": "#1"}
			}
		},
		{
			"from": [7.5, 7.5, -3.001],
			"to": [8.5, 8.5, -3.001],
			"rotation": {"angle": 0, "axis": "x", "origin": [7.99996, 7.67965, 6.21364]},
			"faces": {
				"north": {"uv": [12, 12, 12.5, 12.5], "texture": "#1"},
				"east": {"uv": [0, 0, 0, 0.5], "texture": "#1"},
				"south": {"uv": [0, 12.5, 0.5, 13], "texture": "#1"},
				"west": {"uv": [0, 0, 0, 0.5], "texture": "#1"},
				"up": {"uv": [0.5, 0, 0, 0], "texture": "#1"},
				"down": {"uv": [0.5, 0, 0, 0], "texture": "#1"}
			}
		},
		{
			"from": [7.5, 10, 8],
			"to": [8.5, 11, 10],
			"rotation": {"angle": 0, "axis": "z", "origin": [7.99996, 7.67965, 6.21364]},
			"faces": {
				"north": {"uv": [12.5, 0, 13, 0.5], "texture": "#1"},
				"east": {"uv": [12, 6, 13, 6.5], "texture": "#1"},
				"south": {"uv": [0.5, 12.5, 1, 13], "texture": "#1"},
				"west": {"uv": [12, 6.5, 13, 7], "texture": "#1"},
				"up": {"uv": [7.5, 13, 7, 12], "texture": "#1"},
				"down": {"uv": [12.5, 7, 12, 8], "texture": "#1"}
			}
		}
	],
	"gui_light": "front",
	"display": {
		"thirdperson_righthand": {
			"rotation": [0, -12, 0],
			"translation": [0.75, 0.75, -0.75],
			"scale": [0.75, 0.75, 0.75]
		},
		"thirdperson_lefthand": {
			"rotation": [0, -12, 0],
			"translation": [0.75, 0.75, -0.75],
			"scale": [0.75, 0.75, 0.75]
		},
		"firstperson_righthand": {
			"rotation": [0, -10, 0],
			"translation": [9, 13, 2.5],
			"scale": [0.85, 0.85, 0.85]
		},
		"firstperson_lefthand": {
			"rotation": [0, -10, 0],
			"translation": [9, 13, 2.5],
			"scale": [0.85, 0.85, 0.85]
		},
		"ground": {
			"translation": [0, 4, 0],
			"scale": [0.55, 0.55, 0.55]
		},
		"gui": {
			"rotation": [-90, 135, 90],
			"translation": [1, 0, 0],
			"scale": [0.75, 0.75, 0.75]
		},
		"head": {
			"translation": [0, -3, 1.75],
			"scale": [2.3, 2.3, 2.3]
		},
		"fixed": {
			"rotation": [-90, -135, -90],
			"translation": [-1, 0.25, -0.25],
			"scale": [0.75, 0.75, 0.75]
		}
	}
}