{
	"credit": "Made with Blockbench",
	"texture_size": [32, 32],
	"textures": {
		"2": "custom_item/craftsman_arms/craftsman_rifle"
	},
	"elements": [
		{
			"name": "scope",
			"from": [7, 13.5, -4.5],
			"to": [9, 15.5, 8.5],
			"rotation": {"angle": 0, "axis": "x", "origin": [6, 2, 6]},
			"faces": {
				"north": {"uv": [12.5, 11.5, 13.5, 12.5], "texture": "#2"},
				"east": {"uv": [2, 2, 8.5, 3], "texture": "#2"},
				"south": {"uv": [12.5, 12.5, 13.5, 13.5], "texture": "#2"},
				"west": {"uv": [2, 3, 8.5, 4], "texture": "#2"},
				"up": {"uv": [3, 10.5, 2, 4], "texture": "#2"},
				"down": {"uv": [4, 4, 3, 10.5], "texture": "#2"}
			}
		},
		{
			"from": [7, 7.31494, 14.47135],
			"to": [9, 8.31494, 17.47135],
			"rotation": {"angle": 0, "axis": "y", "origin": [7, 2.31494, 19.47135]},
			"faces": {
				"north": {"uv": [13.5, 9.5, 14.5, 10], "texture": "#2"},
				"east": {"uv": [13.5, 1, 15, 1.5], "texture": "#2"},
				"south": {"uv": [12.5, 13.5, 13.5, 14], "texture": "#2"},
				"west": {"uv": [13.5, 4.5, 15, 5], "texture": "#2"},
				"up": {"uv": [12, 8, 11, 6.5], "texture": "#2"},
				"down": {"uv": [12, 8, 11, 9.5], "texture": "#2"}
			}
		},
		{
			"from": [7, 4.37692, 4.79009],
			"to": [9, 7.37692, 9.79009],
			"rotation": {"angle": 22.5, "axis": "x", "origin": [7, 2.11981, 20.5296]},
			"faces": {
				"north": {"uv": [11.5, 0, 12.5, 1.5], "texture": "#2"},
				"east": {"uv": [5, 8.5, 7.5, 10], "texture": "#2"},
				"south": {"uv": [5, 11.5, 6, 13], "texture": "#2"},
				"west": {"uv": [7.5, 8.5, 10, 10], "texture": "#2"},
				"up": {"uv": [9.5, 12.5, 8.5, 10], "texture": "#2"},
				"down": {"uv": [10.5, 10, 9.5, 12.5], "texture": "#2"}
			}
		},
		{
			"from": [7, 4.37692, 4.79009],
			"to": [9, 7.37692, 9.79009],
			"rotation": {"angle": 22.5, "axis": "x", "origin": [7, 2.11981, 20.5296]},
			"faces": {
				"north": {"uv": [11.5, 12, 12.5, 13.5], "texture": "#2"},
				"east": {"uv": [9.5, 2, 12, 3.5], "texture": "#2"},
				"south": {"uv": [12.5, 0, 13.5, 1.5], "texture": "#2"},
				"west": {"uv": [9.5, 3.5, 12, 5], "texture": "#2"},
				"up": {"uv": [3, 13, 2, 10.5], "texture": "#2"},
				"down": {"uv": [4, 10.5, 3, 13], "texture": "#2"}
			}
		},
		{
			"from": [7.001, 8.31494, 11.47135],
			"to": [8.999, 11.31494, 17.47135],
			"rotation": {"angle": 0, "axis": "y", "origin": [7, 2.31494, 20.47135]},
			"faces": {
				"north": {"uv": [6, 11.5, 7, 13], "texture": "#2"},
				"east": {"uv": [4, 7, 7, 8.5], "texture": "#2"},
				"south": {"uv": [11.5, 10.5, 12.5, 12], "texture": "#2"},
				"west": {"uv": [7, 7, 10, 8.5], "texture": "#2"},
				"up": {"uv": [11, 9.5, 10, 6.5], "texture": "#2"},
				"down": {"uv": [8.5, 10, 7.5, 13], "texture": "#2"}
			}
		},
		{
			"from": [7.001, 7.31494, 9.47135],
			"to": [8.999, 9.31494, 11.47135],
			"rotation": {"angle": 0, "axis": "x", "origin": [7, 2.31494, 20.47135]},
			"faces": {
				"north": {"uv": [13, 3.5, 14, 4.5], "texture": "#2"},
				"east": {"uv": [4.5, 13, 5.5, 14], "texture": "#2"},
				"south": {"uv": [5.5, 13, 6.5, 14], "texture": "#2"},
				"west": {"uv": [7.5, 13, 8.5, 14], "texture": "#2"},
				"up": {"uv": [1, 14.5, 0, 13.5], "texture": "#2"},
				"down": {"uv": [14.5, 0, 13.5, 1], "texture": "#2"}
			}
		},
		{
			"from": [7.5, 9.75, 7],
			"to": [8.5, 10.75, 8],
			"rotation": {"angle": -22.5, "axis": "x", "origin": [8, 10.25, 7.5]},
			"faces": {
				"north": {"uv": [8, 5.5, 8.5, 6], "texture": "#2"},
				"east": {"uv": [9.5, 6.5, 10, 7], "texture": "#2"},
				"south": {"uv": [11.5, 1.5, 12, 2], "texture": "#2"},
				"west": {"uv": [4.5, 12.5, 5, 13], "texture": "#2"},
				"up": {"uv": [14.5, 10.5, 14, 10], "texture": "#2"},
				"down": {"uv": [11, 14, 10.5, 14.5], "texture": "#2"}
			}
		},
		{
			"from": [7.5, 6.5, 5],
			"to": [8.5, 7.5, 8],
			"rotation": {"angle": 45, "axis": "x", "origin": [8, 8, 9]},
			"faces": {
				"north": {"uv": [14, 10.5, 14.5, 11], "texture": "#2"},
				"east": {"uv": [13.5, 5, 15, 5.5], "texture": "#2"},
				"south": {"uv": [11, 14, 11.5, 14.5], "texture": "#2"},
				"west": {"uv": [13.5, 5.5, 15, 6], "texture": "#2"},
				"up": {"uv": [8.5, 5.5, 8, 4], "texture": "#2"},
				"down": {"uv": [10.5, 12.5, 10, 14], "texture": "#2"}
			}
		},
		{
			"from": [7.5, 8.94778, 6.77447],
			"to": [8.5, 9.94778, 13.77447],
			"rotation": {"angle": -22.5, "axis": "x", "origin": [8, 9.44778, 10.27447]},
			"faces": {
				"north": {"uv": [14, 11, 14.5, 11.5], "texture": "#2"},
				"east": {"uv": [10, 9.5, 13.5, 10], "texture": "#2"},
				"south": {"uv": [14, 11.5, 14.5, 12], "texture": "#2"},
				"west": {"uv": [10.5, 10, 14, 10.5], "texture": "#2"},
				"up": {"uv": [11, 14, 10.5, 10.5], "texture": "#2"},
				"down": {"uv": [11.5, 10.5, 11, 14], "texture": "#2"}
			}
		},
		{
			"from": [6.5, 9, -1],
			"to": [8.5, 12, 7],
			"rotation": {"angle": 0, "axis": "y", "origin": [-3, 0, 1]},
			"faces": {
				"north": {"uv": [12, 1.5, 13, 3], "texture": "#2"},
				"east": {"uv": [4, 4, 8, 5.5], "texture": "#2"},
				"south": {"uv": [12, 3, 13, 4.5], "texture": "#2"},
				"west": {"uv": [4, 5.5, 8, 7], "texture": "#2"},
				"up": {"uv": [9.5, 6, 8.5, 2], "texture": "#2"},
				"down": {"uv": [5, 8.5, 4, 12.5], "texture": "#2"}
			}
		},
		{
			"from": [8.5, 9, -1],
			"to": [9.5, 12, 4],
			"rotation": {"angle": 0, "axis": "y", "origin": [-3, 0, 1]},
			"faces": {
				"north": {"uv": [1.5, 13.5, 2, 15], "texture": "#2"},
				"east": {"uv": [9.5, 5, 12, 6.5], "texture": "#2"},
				"south": {"uv": [11.5, 13.5, 12, 15], "texture": "#2"},
				"west": {"uv": [5, 10, 7.5, 11.5], "texture": "#2"},
				"up": {"uv": [7.5, 14, 7, 11.5], "texture": "#2"},
				"down": {"uv": [4.5, 12.5, 4, 15], "texture": "#2"}
			}
		},
		{
			"from": [8.5, 9, 4],
			"to": [9.5, 11, 7],
			"rotation": {"angle": 0, "axis": "y", "origin": [-3, 0, 1]},
			"faces": {
				"north": {"uv": [6, 14, 6.5, 15], "texture": "#2"},
				"east": {"uv": [8.5, 12.5, 10, 13.5], "texture": "#2"},
				"south": {"uv": [7, 14, 7.5, 15], "texture": "#2"},
				"west": {"uv": [12.5, 10.5, 14, 11.5], "texture": "#2"},
				"up": {"uv": [14, 13, 13.5, 11.5], "texture": "#2"},
				"down": {"uv": [12.5, 13.5, 12, 15], "texture": "#2"}
			}
		},
		{
			"from": [8.5, 11, 4],
			"to": [9.5, 12, 6],
			"rotation": {"angle": 0, "axis": "y", "origin": [-3, 0, 1]},
			"faces": {
				"north": {"uv": [0.5, 14.5, 1, 15], "texture": "#2"},
				"east": {"uv": [7.5, 14, 8.5, 14.5], "texture": "#2"},
				"south": {"uv": [14.5, 0.5, 15, 1], "texture": "#2"},
				"west": {"uv": [8.5, 14, 9.5, 14.5], "texture": "#2"},
				"up": {"uv": [10, 15, 9.5, 14], "texture": "#2"},
				"down": {"uv": [10.5, 14, 10, 15], "texture": "#2"}
			}
		},
		{
			"from": [6.5, 10, 7],
			"to": [9.5, 12, 8],
			"rotation": {"angle": 0, "axis": "y", "origin": [-3, 0, 1]},
			"faces": {
				"north": {"uv": [8, 6, 9.5, 7], "texture": "#2"},
				"east": {"uv": [13.5, 13, 14, 14], "texture": "#2"},
				"south": {"uv": [12, 4.5, 13.5, 5.5], "texture": "#2"},
				"west": {"uv": [14, 1.5, 14.5, 2.5], "texture": "#2"},
				"up": {"uv": [15, 6.5, 13.5, 6], "texture": "#2"},
				"down": {"uv": [15, 6.5, 13.5, 7], "texture": "#2"}
			}
		},
		{
			"from": [6.5, 10, -3],
			"to": [9.5, 12, -1],
			"rotation": {"angle": 0, "axis": "y", "origin": [-3, 0, 1]},
			"faces": {
				"north": {"uv": [12, 5.5, 13.5, 6.5], "texture": "#2"},
				"east": {"uv": [13, 1.5, 14, 2.5], "texture": "#2"},
				"south": {"uv": [12, 6.5, 13.5, 7.5], "texture": "#2"},
				"west": {"uv": [2, 13, 3, 14], "texture": "#2"},
				"up": {"uv": [13.5, 8.5, 12, 7.5], "texture": "#2"},
				"down": {"uv": [13.5, 8.5, 12, 9.5], "texture": "#2"}
			}
		},
		{
			"from": [6.997, 11, -15],
			"to": [8.999, 13, 8],
			"rotation": {"angle": 0, "axis": "y", "origin": [-3, 0, 1]},
			"faces": {
				"north": {"uv": [13, 2.5, 14, 3.5], "texture": "#2"},
				"east": {"uv": [0, 0, 11.5, 1], "texture": "#2"},
				"south": {"uv": [3, 13, 4, 14], "texture": "#2"},
				"west": {"uv": [0, 1, 11.5, 2], "texture": "#2"},
				"up": {"uv": [1, 13.5, 0, 2], "texture": "#2"},
				"down": {"uv": [2, 2, 1, 13.5], "texture": "#2"}
			}
		},
		{
			"from": [7.5, 13, -14],
			"to": [8.5, 14, -11],
			"rotation": {"angle": 0, "axis": "y", "origin": [-3, 0, 1]},
			"faces": {
				"north": {"uv": [14, 12, 14.5, 12.5], "texture": "#2"},
				"east": {"uv": [13.5, 7, 15, 7.5], "texture": "#2"},
				"south": {"uv": [12.5, 14, 13, 14.5], "texture": "#2"},
				"west": {"uv": [13.5, 7.5, 15, 8], "texture": "#2"},
				"up": {"uv": [7, 14.5, 6.5, 13], "texture": "#2"},
				"down": {"uv": [1.5, 13.5, 1, 15], "texture": "#2"}
			}
		},
		{
			"from": [7.5, 11.5, -15.001],
			"to": [8.5, 12.5, -15.001],
			"rotation": {"angle": 0, "axis": "y", "origin": [-3, 0, 1]},
			"faces": {
				"north": {"uv": [14, 13.5, 14.5, 14], "texture": "#2"},
				"east": {"uv": [0, 0, 0, 0.5], "texture": "#2"},
				"south": {"uv": [14, 14, 14.5, 14.5], "texture": "#2"},
				"west": {"uv": [0, 0, 0, 0.5], "texture": "#2"},
				"up": {"uv": [0.5, 0, 0, 0], "texture": "#2"},
				"down": {"uv": [0.5, 0, 0, 0], "texture": "#2"}
			}
		},
		{
			"from": [7.5, 13, 4],
			"to": [8.5, 14, 6],
			"rotation": {"angle": 0, "axis": "y", "origin": [-2.5, 0, -1]},
			"faces": {
				"north": {"uv": [14, 12.5, 14.5, 13], "texture": "#2"},
				"east": {"uv": [2, 14, 3, 14.5], "texture": "#2"},
				"south": {"uv": [13, 14, 13.5, 14.5], "texture": "#2"},
				"west": {"uv": [14, 2.5, 15, 3], "texture": "#2"},
				"up": {"uv": [3.5, 15, 3, 14], "texture": "#2"},
				"down": {"uv": [14.5, 3, 14, 4], "texture": "#2"}
			}
		},
		{
			"from": [8, 11, 6],
			"to": [11, 12, 7],
			"rotation": {"angle": 0, "axis": "y", "origin": [-2.5, 0, -1]},
			"faces": {
				"north": {"uv": [13.5, 8, 15, 8.5], "texture": "#2"},
				"east": {"uv": [0, 14.5, 0.5, 15], "texture": "#2"},
				"south": {"uv": [8.5, 13.5, 10, 14], "texture": "#2"},
				"west": {"uv": [14.5, 0, 15, 0.5], "texture": "#2"},
				"up": {"uv": [15, 9, 13.5, 8.5], "texture": "#2"},
				"down": {"uv": [15, 9, 13.5, 9.5], "texture": "#2"}
			}
		},
		{
			"from": [7.5, 13, -2],
			"to": [8.5, 14, 0],
			"rotation": {"angle": 0, "axis": "y", "origin": [-2.5, 0, -1]},
			"faces": {
				"north": {"uv": [14, 13, 14.5, 13.5], "texture": "#2"},
				"east": {"uv": [14, 4, 15, 4.5], "texture": "#2"},
				"south": {"uv": [13.5, 14, 14, 14.5], "texture": "#2"},
				"west": {"uv": [4.5, 14, 5.5, 14.5], "texture": "#2"},
				"up": {"uv": [4, 15, 3.5, 14], "texture": "#2"},
				"down": {"uv": [6, 14, 5.5, 15], "texture": "#2"}
			}
		}
	],
	"gui_light": "front",
	"display": {
		"thirdperson_righthand": {
			"rotation": [15, -12, 0],
			"translation": [0, -1.5, 0.75],
			"scale": [0.75, 0.75, 0.75]
		},
		"thirdperson_lefthand": {
			"rotation": [15, -12, 0],
			"translation": [0, -1.5, 0.75],
			"scale": [0.75, 0.75, 0.75]
		},
		"firstperson_righthand": {
			"rotation": [0, -10, 0],
			"translation": [0, 0, 4.5],
			"scale": [0.85, 0.85, 0.85]
		},
		"firstperson_lefthand": {
			"rotation": [0, -10, 0],
			"translation": [0, 0, 4.5],
			"scale": [0.85, 0.85, 0.85]
		},
		"ground": {
			"translation": [0, 4, 4],
			"scale": [0.55, 0.55, 0.55]
		},
		"gui": {
			"rotation": [-90, 135, 90],
			"translation": [2, -4, 0],
			"scale": [0.58, 0.58, 0.58]
		},
		"head": {
			"translation": [0, -9, -18.75],
			"scale": [1.27, 1.27, 1.27]
		},
		"fixed": {
			"rotation": [-90, -135, -90],
			"translation": [-2.25, -4.75, -0.25],
			"scale": [0.7, 0.7, 0.7]
		}
	},
	"groups": [0,
		{
			"name": "stock",
			"origin": [8, 8, 8],
			"color": 0,
			"children": [1, 2, 3, 4, 5]
		},
		{
			"name": "body",
			"origin": [-2.5, 0, -2],
			"color": 0,
			"children": [6, 7, 8, 9, 10, 11, 12, 13, 14, 15, 16, 17, 18, 19, 20]
		}
	]
}