{
	"credit": "Made with Blockbench",
	"textures": {
		"0": "custom_mob/slimegirl1_inner"	},
	"elements": [
		{
			"name": "head",
			"from": [4, 12, 4],
			"to": [12, 20, 12],
			"faces": {
				"north": {"uv": [2, 2, 4, 4], "texture": "#0"},
				"east": {"uv": [0, 2, 2, 4], "texture": "#0"},
				"south": {"uv": [6, 2, 8, 4], "texture": "#0"},
				"west": {"uv": [4, 2, 6, 4], "texture": "#0"},
				"up": {"uv": [2, 0, 4, 2], "texture": "#0"},
				"down": {"uv": [4, 0, 6, 2], "texture": "#0"}
			}
		},
		{
			"name": "body",
			"from": [4.5, 0, 6],
			"to": [11.5, 12, 10],
			"faces": {
				"north": {"uv": [4.25, 11.75, 6, 14.75], "texture": "#0"},
				"east": {"uv": [3.25, 4.75, 4.25, 7.75], "texture": "#0"},
				"south": {"uv": [7, 5, 8.75, 8], "texture": "#0"},
				"west": {"uv": [6, 4.75, 7, 7.75], "texture": "#0"},
				"up": {"uv": [0, 0, 1, 1]},
				"down": {"uv": [6, 4, 7.75, 5], "texture": "#0"}
			}
		},
		{
			"name": "cube",
			"from": [11.51, 0, 6],
			"to": [11.51, 12, 10],
			"faces": {
				"north": {"uv": [0, 0, 0, 12]},
				"east": {"uv": [6.25, 5, 7.25, 8], "texture": "#0"},
				"south": {"uv": [0, 0, 0, 12]},
				"up": {"uv": [0, 0, 0, 4]},
				"down": {"uv": [0, 0, 0, 4]}
			}
		},
		{
			"name": "cube",
			"from": [4.49, 0, 6],
			"to": [4.49, 12, 10],
			"faces": {
				"north": {"uv": [0, 0, 0, 12]},
				"east": {"uv": [0, 0, 4, 12]},
				"south": {"uv": [0, 0, 0, 12]},
				"west": {"uv": [3.25, 5, 4.25, 8], "texture": "#0"},
				"up": {"uv": [0, 0, 0, 4]},
				"down": {"uv": [0, 0, 0, 4]}
			}
		},
		{
			"name": "arm",
			"from": [2.5, -1.5, 7],
			"to": [4.5, 10.5, 9],
			"rotation": {"angle": -22.5, "axis": "z", "origin": [8, 8, 8]},
			"faces": {
				"north": {"uv": [9.5, 4.75, 10, 7.75], "texture": "#0"},
				"east": {"uv": [10, 4.75, 10.5, 7.75], "texture": "#0"},
				"south": {"uv": [10.5, 4.75, 11, 7.75], "texture": "#0"},
				"west": {"uv": [9, 4.75, 9.5, 7.75], "texture": "#0"},
				"up": {"uv": [9.5, 4.25, 10, 4.75], "texture": "#0"},
				"down": {"uv": [10, 4.25, 10.5, 4.75], "texture": "#0"}
			}
		},
		{
			"name": "arm",
			"from": [11.5, -1.5, 7],
			"to": [13.5, 10.5, 9],
			"rotation": {"angle": 22.5, "axis": "z", "origin": [8, 8, 8]},
			"faces": {
				"north": {"uv": [9.5, 4.75, 10, 7.75], "texture": "#0"},
				"east": {"uv": [9, 4.75, 9.5, 7.75], "texture": "#0"},
				"south": {"uv": [10.5, 4.75, 11, 7.75], "texture": "#0"},
				"west": {"uv": [10, 4.75, 10.5, 7.75], "texture": "#0"},
				"up": {"uv": [9.5, 4.25, 10, 4.75], "texture": "#0"},
				"down": {"uv": [10, 4.25, 10.5, 4.75], "texture": "#0"}
			}
		},
		{
			"name": "leg",
			"from": [8.5, -12, 6.5],
			"to": [11.5, 0, 9.5],
			"faces": {
				"north": {"uv": [0.75, 4.75, 1.5, 7.75], "texture": "#0"},
				"east": {"uv": [0, 4.75, 0.75, 7.75], "texture": "#0"},
				"south": {"uv": [2.25, 4.75, 3, 7.75], "texture": "#0"},
				"west": {"uv": [1.5, 4.75, 2.25, 7.75], "texture": "#0"},
				"up": {"uv": [0.75, 4, 1.5, 4.75], "texture": "#0"},
				"down": {"uv": [1.5, 4, 2.25, 4.75], "texture": "#0"}
			}
		},
		{
			"name": "leg",
			"from": [4.5, -12, 6.5],
			"to": [7.5, 0, 9.5],
			"faces": {
				"north": {"uv": [0.75, 4.75, 1.5, 7.75], "texture": "#0"},
				"east": {"uv": [0, 4.75, 0.75, 7.75], "texture": "#0"},
				"south": {"uv": [2.25, 4.75, 3, 7.75], "texture": "#0"},
				"west": {"uv": [1.5, 4.75, 2.25, 7.75], "texture": "#0"},
				"up": {"uv": [0.75, 4, 1.5, 4.75], "texture": "#0"},
				"down": {"uv": [1.5, 4, 2.25, 4.75], "texture": "#0"}
			}
		},
		{
			"name": "hair",
			"from": [3.5, 11.5, 3.5],
			"to": [12.5, 20.5, 12.5],
			"faces": {
				"north": {"uv": [10, 2, 12, 4], "texture": "#0"},
				"east": {"uv": [8, 2, 10, 4], "texture": "#0"},
				"south": {"uv": [14, 2, 16, 4], "texture": "#0"},
				"west": {"uv": [12, 2, 14, 4], "texture": "#0"}
			}
		},
		{
			"name": "shoe",
			"from": [4.2, -12, 6.2],
			"to": [7.7, 0, 9.7],
			"faces": {
				"north": {"uv": [0.75, 8.5, 1.5, 11.5], "texture": "#0"},
				"east": {"uv": [0, 8.5, 0.75, 11.5], "texture": "#0"},
				"south": {"uv": [2.25, 8.5, 3, 11.5], "texture": "#0"},
				"west": {"uv": [1.5, 8.5, 2.25, 11.5], "texture": "#0"},
				"down": {"uv": [1.5, 7.75, 2.25, 8.5], "texture": "#0"}
			}
		},
		{
			"name": "shoe",
			"from": [8.2, -12, 6.2],
			"to": [11.7, 0, 9.7],
			"faces": {
				"north": {"uv": [0.75, 8.5, 1.5, 11.5], "texture": "#0"},
				"east": {"uv": [0, 8.5, 0.75, 11.5], "texture": "#0"},
				"south": {"uv": [2.25, 8.5, 3, 11.5], "texture": "#0"},
				"west": {"uv": [1.5, 8.5, 2.25, 11.5], "texture": "#0"},
				"down": {"uv": [1.5, 7.75, 2.25, 8.5], "texture": "#0"}
			}
		},
		{
			"name": "bust",
			"from": [4.5, 6.55, 3.3],
			"to": [11.5, 8.55, 5.3],
			"rotation": {"angle": 45, "axis": "x", "origin": [8.05, 6.69975, 8.09975]},
			"faces": {
				"north": {"uv": [4.25, 5.25, 6, 5.75], "texture": "#0"},
				"east": {"uv": [3.25, 11.75, 4.25, 12.75], "texture": "#0", "rotation": 90},
				"south": {"uv": [0, 0, 7, 2]},
				"west": {"uv": [3.25, 11.75, 4.25, 12.75], "texture": "#0"},
				"up": {"uv": [0, 0, 7, 2]},
				"down": {"uv": [0, 0, 7, 2]}
			}
		},
		{
			"name": "bust",
			"from": [4.5, 8, 4.6],
			"to": [11.5, 10, 6.6],
			"faces": {
				"north": {"uv": [10.25, 0.25, 11.75, 1.75], "texture": "#0"},
				"east": {"uv": [10.25, 0.25, 11.75, 1.75], "texture": "#0"},
				"south": {"uv": [0, 0, 7, 2]},
				"west": {"uv": [10.25, 0.25, 11.75, 1.75], "texture": "#0"},
				"up": {"uv": [0, 0, 7, 2]},
				"down": {"uv": [0, 0, 7, 2]}
			}
		},
		{
			"name": "bust",
			"from": [4.5, 5.15, 4.7],
			"to": [11.5, 7.15, 6.7],
			"rotation": {"angle": 45, "axis": "x", "origin": [8.05, 6.69975, 8.09975]},
			"faces": {
				"north": {"uv": [10.25, 0.25, 11.75, 1.75], "texture": "#0"},
				"east": {"uv": [3.25, 11.75, 4.25, 12.75], "texture": "#0", "rotation": 270},
				"south": {"uv": [10.25, 0.25, 11.75, 1.75], "texture": "#0"},
				"west": {"uv": [3.25, 11.75, 4.25, 12.75], "texture": "#0", "rotation": 180},
				"up": {"uv": [10.25, 0.25, 11.75, 1.75], "texture": "#0"},
				"down": {"uv": [4.25, 5.75, 6, 6.25], "texture": "#0"}
			}
		}
	],
	"display": {
		"head": {
			"translation": [0, -23, 0]
		}
	}
}