{
	"credit": "Made with Blockbench",
	"textures": {
		"0": "custom_mob/slimegirl1_hurt"
	},
	"elements": [
		{
			"name": "head",
			"from": [4, 12, 4],
			"to": [12, 20, 12],
			"faces": {
				"north": {"uv": [12, 4, 14, 6], "texture": "#0"},
				"east": {"uv": [0, 2, 2, 4], "texture": "#0"},
				"south": {"uv": [6, 2, 8, 4], "texture": "#0"},
				"west": {"uv": [4, 2, 6, 4], "texture": "#0"},
				"up": {"uv": [2, 0, 4, 2], "texture": "#0"},
				"down": {"uv": [4, 0, 6, 2], "texture": "#0"}
			}
		},
		{
			"name": "body",
			"from": [4.5, 0, 6],
			"to": [11.5, 12, 10],
			"faces": {
				"north": {"uv": [4.25, 5, 6, 8], "texture": "#0"},
				"east": {"uv": [3.25, 5, 4.25, 8], "texture": "#0"},
				"south": {"uv": [7, 5, 8.75, 8], "texture": "#0"},
				"west": {"uv": [6.25, 5, 7.25, 8], "texture": "#0"},
				"up": {"uv": [4.25, 4, 6, 5], "texture": "#0"},
				"down": {"uv": [6, 4, 7.75, 5], "texture": "#0"}
			}
		},
		{
			"name": "arm_r",
			"from": [10, 9.25, 7],
			"to": [22, 11.25, 9],
			"rotation": {"angle": -22.5, "axis": "z", "origin": [12, 10, 8]},
			"faces": {
				"north": {"uv": [9.5, 4.75, 10, 7.75], "texture": "#0", "rotation": 90},
				"east": {"uv": [10, 4.25, 10.5, 4.75], "texture": "#0", "rotation": 270},
				"south": {"uv": [10.5, 4.75, 11, 7.75], "texture": "#0", "rotation": 270},
				"west": {"uv": [9.5, 4.25, 10, 4.75], "texture": "#0", "rotation": 90},
				"up": {"uv": [9, 4.75, 9.5, 7.75], "texture": "#0", "rotation": 270},
				"down": {"uv": [10, 4.75, 10.5, 7.75], "texture": "#0", "rotation": 270}
			}
		},
		{
			"name": "arm_l",
			"from": [-6, 9.5, 7],
			"to": [6, 11.5, 9],
			"rotation": {"angle": 22.5, "axis": "z", "origin": [4, 10, 8]},
			"faces": {
				"north": {"uv": [9.5, 4.75, 10, 7.75], "texture": "#0", "rotation": 270},
				"east": {"uv": [9.5, 4.25, 10, 4.75], "texture": "#0", "rotation": 270},
				"south": {"uv": [10.5, 4.75, 11, 7.75], "texture": "#0", "rotation": 90},
				"west": {"uv": [10, 4.25, 10.5, 4.75], "texture": "#0", "rotation": 270},
				"up": {"uv": [9, 4.75, 9.5, 7.75], "texture": "#0", "rotation": 90},
				"down": {"uv": [10, 4.75, 10.5, 7.75], "texture": "#0", "rotation": 270}
			}
		},
		{
			"name": "leg",
			"from": [8.5, -12, 6.5],
			"to": [11.5, 0, 9.5],
			"rotation": {"angle": 45, "axis": "x", "origin": [8, 1, 8]},
			"faces": {
				"north": {"uv": [0.75, 4.75, 1.5, 7.75], "texture": "#0"},
				"east": {"uv": [0, 4.75, 0.75, 7.75], "texture": "#0"},
				"south": {"uv": [2.25, 4.75, 3, 7.75], "texture": "#0"},
				"west": {"uv": [1.5, 4.75, 2.25, 7.75], "texture": "#0"},
				"down": {"uv": [1.5, 4, 2.25, 4.75], "texture": "#0"}
			}
		},
		{
			"name": "leg",
			"from": [4.5, -12, 6.5],
			"to": [7.5, 0, 9.5],
			"rotation": {"angle": -22.5, "axis": "x", "origin": [8, 1, 8]},
			"faces": {
				"north": {"uv": [0.75, 4.75, 1.5, 7.75], "texture": "#0"},
				"east": {"uv": [0, 4.75, 0.75, 7.75], "texture": "#0"},
				"south": {"uv": [2.25, 4.75, 3, 7.75], "texture": "#0"},
				"west": {"uv": [1.5, 4.75, 2.25, 7.75], "texture": "#0"},
				"up": {"uv": [0.75, 4, 1.5, 4.75], "texture": "#0"},
				"down": {"uv": [1.5, 4, 2.25, 4.75], "texture": "#0"}
			}
		},
		{
			"name": "shoe",
			"from": [8.2, -12.25, 6.2],
			"to": [11.7, -9.25, 9.7],
			"rotation": {"angle": 45, "axis": "x", "origin": [8, 0.75, 8]},
			"faces": {
				"north": {"uv": [0.75, 11, 1.5, 11.75], "texture": "#0"},
				"east": {"uv": [0, 11, 0.75, 11.75], "texture": "#0"},
				"south": {"uv": [2.25, 11, 3, 11.75], "texture": "#0"},
				"west": {"uv": [1.5, 11, 2.25, 11.75], "texture": "#0"},
				"down": {"uv": [1.5, 8, 2.25, 8.75], "texture": "#0"}
			}
		},
		{
			"name": "shoe",
			"from": [4.2, -12.25, 6.2],
			"to": [7.7, -9.25, 9.7],
			"rotation": {"angle": -22.5, "axis": "x", "origin": [8, 0.75, 8]},
			"faces": {
				"north": {"uv": [0.75, 11, 1.5, 11.75], "texture": "#0"},
				"east": {"uv": [0, 11, 0.75, 11.75], "texture": "#0"},
				"south": {"uv": [2.25, 11, 3, 11.75], "texture": "#0"},
				"west": {"uv": [1.5, 11, 2.25, 11.75], "texture": "#0"},
				"down": {"uv": [1.5, 8, 2.25, 8.75], "texture": "#0"}
			}
		},
		{
			"name": "bust",
			"from": [4.5, 9.25, 5.1],
			"to": [11.5, 11.25, 7.1],
			"rotation": {"angle": 22.5, "axis": "x", "origin": [8, 9, 5]},
			"faces": {
				"north": {"uv": [10.25, 0.25, 11.75, 1.75], "texture": "#0"},
				"east": {"uv": [10.25, 0.25, 11.75, 1.75], "texture": "#0"},
				"south": {"uv": [10.25, 0.25, 11.75, 1.75], "texture": "#0"},
				"west": {"uv": [10.25, 0.25, 11.75, 1.75], "texture": "#0"},
				"up": {"uv": [10.25, 0.25, 11.75, 1.75], "texture": "#0"},
				"down": {"uv": [10.25, 0.25, 11.75, 1.75], "texture": "#0"}
			}
		},
		{
			"name": "clothe",
			"from": [4, 3, 5.5],
			"to": [12, 12, 10.5],
			"faces": {
				"north": {"uv": [4.25, 8.75, 6, 11], "texture": "#0"},
				"east": {"uv": [3.25, 8.75, 4.25, 11], "texture": "#0"},
				"south": {"uv": [7, 8.75, 8.75, 11], "texture": "#0"},
				"west": {"uv": [6, 8.75, 7, 11], "texture": "#0"},
				"up": {"uv": [4.25, 8, 6, 8.75], "texture": "#0"}
			}
		},
		{
			"name": "clothe",
			"from": [4, 9.25, 4.6],
			"to": [12, 11.25, 6.6],
			"rotation": {"angle": 22.5, "axis": "x", "origin": [8, 9, 5]},
			"faces": {
				"north": {"uv": [4.25, 8.75, 6, 9.25], "texture": "#0"},
				"east": {"uv": [7, 9, 8.5, 10.5], "texture": "#0"},
				"west": {"uv": [7, 9, 8.5, 10.5], "texture": "#0"},
				"up": {"uv": [7, 9, 8.5, 10.5], "texture": "#0"}
			}
		},
		{
			"name": "clothe",
			"from": [4, 7.45, 4.9],
			"to": [12, 9.45, 6.9],
			"rotation": {"angle": -22.5, "axis": "x", "origin": [8, 9, 5]},
			"faces": {
				"north": {"uv": [7, 9, 8.5, 10.5], "texture": "#0"},
				"east": {"uv": [7, 9, 8.5, 10.5], "texture": "#0"},
				"west": {"uv": [7, 9, 8.5, 10.5], "texture": "#0"},
				"down": {"uv": [7, 9, 8.5, 10.5], "texture": "#0"}
			}
		},
		{
			"name": "clothe",
			"from": [3.5, 1, 5],
			"to": [12.5, 3, 11],
			"faces": {
				"north": {"uv": [4.25, 11, 6, 11.5], "texture": "#0"},
				"east": {"uv": [6, 11, 7, 11.5], "texture": "#0"},
				"south": {"uv": [7, 11, 8.75, 11.5], "texture": "#0"},
				"west": {"uv": [3.25, 11, 4.25, 11.5], "texture": "#0"},
				"up": {"uv": [8.25, 0.25, 9.75, 1.75], "texture": "#0"}
			}
		},
		{
			"name": "clothe",
			"from": [3, -1, 4.5],
			"to": [13, 1, 11.5],
			"faces": {
				"north": {"uv": [7, 9, 8.5, 10.5], "texture": "#0"},
				"east": {"uv": [7, 9, 8.5, 10.5], "texture": "#0"},
				"south": {"uv": [7, 9, 8.5, 10.5], "texture": "#0"},
				"west": {"uv": [7, 9, 8.5, 10.5], "texture": "#0"},
				"up": {"uv": [7, 9, 8.5, 10.5], "texture": "#0"},
				"down": {"uv": [7, 9, 8.5, 10.5], "texture": "#0"}
			}
		},
		{
			"name": "sleeve_r",
			"from": [9.9, 8.75, 6.5],
			"to": [15, 11.75, 9.5],
			"rotation": {"angle": -22.5, "axis": "z", "origin": [12, 10, 8]},
			"faces": {
				"north": {"uv": [9.5, 8.5, 10, 9.75], "texture": "#0", "rotation": 90},
				"south": {"uv": [10.5, 8.5, 11, 9.75], "texture": "#0", "rotation": 270},
				"west": {"uv": [9.5, 8, 10, 8.5], "texture": "#0", "rotation": 90},
				"up": {"uv": [10, 8.5, 10.5, 9.75], "texture": "#0", "rotation": 270},
				"down": {"uv": [9, 8.5, 9.5, 9.75], "texture": "#0", "rotation": 270}
			}
		},
		{
			"name": "sleeve_l",
			"from": [1, 9, 6.5],
			"to": [6.1, 12, 9.5],
			"rotation": {"angle": 22.5, "axis": "z", "origin": [4, 10, 8]},
			"faces": {
				"north": {"uv": [9.5, 8.5, 10, 9.75], "texture": "#0", "rotation": 270},
				"east": {"uv": [9.5, 8, 10, 8.5], "texture": "#0", "rotation": 270},
				"south": {"uv": [10.5, 8.5, 11, 9.75], "texture": "#0", "rotation": 90},
				"up": {"uv": [9, 8.5, 9.5, 9.75], "texture": "#0", "rotation": 90},
				"down": {"uv": [10, 8.5, 10.5, 9.75], "texture": "#0", "rotation": 270}
			}
		},
		{
			"name": "hat",
			"from": [3, 17, 3],
			"to": [13, 21, 13],
			"faces": {
				"north": {"uv": [10, 14, 12, 14.75], "texture": "#0"},
				"east": {"uv": [12, 14, 14, 14.75], "texture": "#0"},
				"south": {"uv": [14, 14, 16, 14.75], "texture": "#0"},
				"west": {"uv": [8, 14, 10, 14.75], "texture": "#0"},
				"up": {"uv": [10, 12, 12, 14], "texture": "#0"}
			}
		},
		{
			"name": "hair",
			"from": [3.5, 11.5, 3.5],
			"to": [12.5, 20.5, 12.5],
			"faces": {
				"north": {"uv": [10, 2, 12, 4], "texture": "#0"},
				"east": {"uv": [8, 2, 10, 4], "texture": "#0"},
				"south": {"uv": [14, 2, 16, 4], "texture": "#0"},
				"west": {"uv": [12, 2, 14, 4], "texture": "#0"}
			}
		}
	],
	"display": {
		"head": {
			"translation": [0, -2.6, 0],
			"scale": [1.5, 1.5, 1.5],
			"rotation": [0, 0, 0]
		},
		"thirdperson_righthand": {
			"rotation": [0, 0, 0]
		}
	}
}