{
	"credit": "Made with Blockbench",
	"texture_size": [64, 64],
	"textures": {
		"0": "custom_mob/owl",
		"particle": "custom_mob/owl"
	},
	"elements": [
		{
			"from": [4, 10, 5.5],
			"to": [11, 14, 9.5],
			"rotation": {"angle": 0, "axis": "y", "origin": [8, 18, 8.5]},
			"faces": {
				"north": {"uv": [3.5, 1.5, 5.25, 2.5], "texture": "#0"},
				"east": {"uv": [5.75, 5.75, 6.75, 6.75], "texture": "#0"},
				"south": {"uv": [3.5, 2.5, 5.25, 3.5], "texture": "#0"},
				"west": {"uv": [5.75, 4.5, 6.75, 5.5], "texture": "#0"},
				"up": {"uv": [1.5, 3.75, 3.25, 4.75], "texture": "#0"},
				"down": {"uv": [0, 4.75, 1.75, 5.75], "texture": "#0"}
			}
		},
		{
			"from": [5, 10, 9.5],
			"to": [10, 14, 10.5],
			"rotation": {"angle": 0, "axis": "y", "origin": [8, 18, 8.5]},
			"faces": {
				"north": {"uv": [3.25, 5.5, 4.5, 6.5], "texture": "#0"},
				"east": {"uv": [6.25, 3.5, 6.5, 4.5], "texture": "#0"},
				"south": {"uv": [0, 5.75, 1.25, 6.75], "texture": "#0"},
				"west": {"uv": [4.25, 6.5, 4.5, 7.5], "texture": "#0"},
				"up": {"uv": [0, 4.25, 1.25, 4.5], "texture": "#0"},
				"down": {"uv": [0, 4.5, 1.25, 4.75], "texture": "#0"}
			}
		},
		{
			"from": [5, 14, 5.5],
			"to": [10, 15, 9.5],
			"rotation": {"angle": 0, "axis": "y", "origin": [8, 18, 8.5]},
			"faces": {
				"north": {"uv": [1.75, 1.5, 3, 1.75], "texture": "#0"},
				"east": {"uv": [5.75, 5.5, 6.75, 5.75], "texture": "#0"},
				"south": {"uv": [0, 4, 1.25, 4.25], "texture": "#0"},
				"west": {"uv": [6, 1.75, 7, 2], "texture": "#0"},
				"up": {"uv": [5, 3.5, 6.25, 4.5], "texture": "#0"},
				"down": {"uv": [5.25, 2, 6.5, 3], "texture": "#0"}
			}
		},
		{
			"from": [7, 10, 4.5],
			"to": [8, 12, 5.5],
			"rotation": {"angle": 0, "axis": "y", "origin": [8, 18, 8.5]},
			"faces": {
				"north": {"uv": [6.75, 5, 7, 5.5], "texture": "#0"},
				"east": {"uv": [6.75, 5.5, 7, 6], "texture": "#0"},
				"south": {"uv": [6.75, 6, 7, 6.5], "texture": "#0"},
				"west": {"uv": [1.75, 7, 2, 7.5], "texture": "#0"},
				"up": {"uv": [7, 2, 7.25, 2.25], "texture": "#0"},
				"down": {"uv": [7, 2.25, 7.25, 2.5], "texture": "#0"}
			}
		},
		{
			"from": [4, 2, 5],
			"to": [11, 10, 11],
			"rotation": {"angle": 0, "axis": "y", "origin": [9, 4, 9]},
			"faces": {
				"north": {"uv": [0, 0, 1.75, 2], "texture": "#0"},
				"east": {"uv": [0, 2, 1.5, 4], "texture": "#0"},
				"south": {"uv": [1.75, 1.75, 3.5, 3.75], "texture": "#0"},
				"west": {"uv": [3.5, 3.5, 5, 5.5], "texture": "#0"},
				"up": {"uv": [1.75, 0, 3.5, 1.5], "texture": "#0"},
				"down": {"uv": [3.5, 0, 5.25, 1.5], "texture": "#0"}
			}
		},
		{
			"from": [11, 2, 6],
			"to": [12, 9, 7],
			"rotation": {"angle": 0, "axis": "y", "origin": [15.5, 4, 10]},
			"faces": {
				"north": {"uv": [1.5, 2, 1.75, 3.75], "texture": "#0"},
				"east": {"uv": [3.25, 3.75, 3.5, 5.5], "texture": "#0"},
				"south": {"uv": [6, 0, 6.25, 1.75], "texture": "#0"},
				"west": {"uv": [6.25, 0, 6.5, 1.75], "texture": "#0"},
				"up": {"uv": [7, 1, 7.25, 1.25], "texture": "#0"},
				"down": {"uv": [7, 1.75, 7.25, 2], "texture": "#0"}
			}
		},
		{
			"from": [3, 2, 6],
			"to": [4, 9, 7],
			"rotation": {"angle": 0, "axis": "z", "origin": [4, 9, 9.5]},
			"faces": {
				"north": {"uv": [3.25, 6.5, 3.5, 8.25], "texture": "#0"},
				"east": {"uv": [3.5, 6.5, 3.75, 8.25], "texture": "#0"},
				"south": {"uv": [3.75, 6.5, 4, 8.25], "texture": "#0"},
				"west": {"uv": [4, 6.5, 4.25, 8.25], "texture": "#0"},
				"up": {"uv": [7, 2.75, 7.25, 3], "texture": "#0"},
				"down": {"uv": [7, 4.25, 7.25, 4.5], "texture": "#0"}
			}
		},
		{
			"from": [11, 1, 7],
			"to": [12, 9, 10],
			"rotation": {"angle": 0, "axis": "y", "origin": [15.5, 3, 11]},
			"faces": {
				"north": {"uv": [4.5, 5.5, 4.75, 7.5], "texture": "#0"},
				"east": {"uv": [1.75, 4.75, 2.5, 6.75], "texture": "#0"},
				"south": {"uv": [4.75, 5.5, 5, 7.5], "texture": "#0"},
				"west": {"uv": [2.5, 4.75, 3.25, 6.75], "texture": "#0"},
				"up": {"uv": [0, 6.75, 0.25, 7.5], "texture": "#0"},
				"down": {"uv": [0.25, 6.75, 0.5, 7.5], "texture": "#0"}
			}
		},
		{
			"from": [3, 1, 7],
			"to": [4, 9, 10],
			"rotation": {"angle": 0, "axis": "z", "origin": [4, 9, 9.5]},
			"faces": {
				"north": {"uv": [1.25, 5.75, 1.5, 7.75], "texture": "#0"},
				"east": {"uv": [5, 5, 5.75, 7], "texture": "#0"},
				"south": {"uv": [1.5, 5.75, 1.75, 7.75], "texture": "#0"},
				"west": {"uv": [5.25, 0, 6, 2], "texture": "#0"},
				"up": {"uv": [0.5, 6.75, 0.75, 7.5], "texture": "#0"},
				"down": {"uv": [0.75, 6.75, 1, 7.5], "texture": "#0"}
			}
		},
		{
			"from": [4, 0, 5.5],
			"to": [5, 1, 7.5],
			"rotation": {"angle": 22.5, "axis": "y", "origin": [5.5131, 0.74696, 7.23993]},
			"faces": {
				"north": {"uv": [6.75, 6.5, 7, 6.75], "texture": "#0"},
				"east": {"uv": [3, 1.5, 3.5, 1.75], "texture": "#0"},
				"south": {"uv": [2, 7, 2.25, 7.25], "texture": "#0"},
				"west": {"uv": [6.5, 2.75, 7, 3], "texture": "#0"},
				"up": {"uv": [5.5, 4.5, 5.75, 5], "texture": "#0"},
				"down": {"uv": [1, 6.75, 1.25, 7.25], "texture": "#0"}
			}
		},
		{
			"from": [8, 0, 5.5],
			"to": [9, 1, 7.5],
			"rotation": {"angle": -22.5, "axis": "y", "origin": [9.51309, 0.50439, 6.98253]},
			"faces": {
				"north": {"uv": [5.5, 7, 5.75, 7.25], "texture": "#0"},
				"east": {"uv": [2.75, 6.75, 3.25, 7], "texture": "#0"},
				"south": {"uv": [5.75, 7, 6, 7.25], "texture": "#0"},
				"west": {"uv": [5.75, 6.75, 6.25, 7], "texture": "#0"},
				"up": {"uv": [6.25, 6.75, 6.5, 7.25], "texture": "#0"},
				"down": {"uv": [6.5, 6.75, 6.75, 7.25], "texture": "#0"}
			}
		},
		{
			"from": [5, 0, 6.5],
			"to": [6, 1, 9.5],
			"rotation": {"angle": 22.5, "axis": "y", "origin": [5.5131, 0.74696, 7.23993]},
			"faces": {
				"north": {"uv": [5, 7, 5.25, 7.25], "texture": "#0"},
				"east": {"uv": [6.5, 0, 7.25, 0.25], "texture": "#0"},
				"south": {"uv": [5.25, 7, 5.5, 7.25], "texture": "#0"},
				"west": {"uv": [6.5, 0.25, 7.25, 0.5], "texture": "#0"},
				"up": {"uv": [1.25, 4, 1.5, 4.75], "texture": "#0"},
				"down": {"uv": [6.5, 0.5, 6.75, 1.25], "texture": "#0"}
			}
		},
		{
			"from": [9, 0, 6.5],
			"to": [10, 1, 9.5],
			"rotation": {"angle": -22.5, "axis": "y", "origin": [9.51309, 0.50439, 6.98253]},
			"faces": {
				"north": {"uv": [6, 7, 6.25, 7.25], "texture": "#0"},
				"east": {"uv": [6.5, 1.25, 7.25, 1.5], "texture": "#0"},
				"south": {"uv": [6.75, 7, 7, 7.25], "texture": "#0"},
				"west": {"uv": [6.5, 1.5, 7.25, 1.75], "texture": "#0"},
				"up": {"uv": [6.5, 2, 6.75, 2.75], "texture": "#0"},
				"down": {"uv": [6.5, 3.5, 6.75, 4.25], "texture": "#0"}
			}
		},
		{
			"from": [6, 0, 5.5],
			"to": [7, 1, 7.5],
			"rotation": {"angle": 22.5, "axis": "y", "origin": [5.5131, 0.74696, 7.23993]},
			"faces": {
				"north": {"uv": [2.75, 7, 3, 7.25], "texture": "#0"},
				"east": {"uv": [6.5, 4.25, 7, 4.5], "texture": "#0"},
				"south": {"uv": [3, 7, 3.25, 7.25], "texture": "#0"},
				"west": {"uv": [1.75, 6.75, 2.25, 7], "texture": "#0"},
				"up": {"uv": [2.25, 6.75, 2.5, 7.25], "texture": "#0"},
				"down": {"uv": [2.5, 6.75, 2.75, 7.25], "texture": "#0"}
			}
		},
		{
			"from": [10, 0, 5.5],
			"to": [11, 1, 7.5],
			"rotation": {"angle": -22.5, "axis": "y", "origin": [9.51309, 0.50439, 6.98253]},
			"faces": {
				"north": {"uv": [7, 7, 7.25, 7.25], "texture": "#0"},
				"east": {"uv": [6.75, 6.75, 7.25, 7], "texture": "#0"},
				"south": {"uv": [7, 0.75, 7.25, 1], "texture": "#0"},
				"west": {"uv": [6.75, 0.5, 7.25, 0.75], "texture": "#0"},
				"up": {"uv": [6.75, 0.75, 7, 1.25], "texture": "#0"},
				"down": {"uv": [6.75, 2, 7, 2.5], "texture": "#0"}
			}
		},
		{
			"from": [4.5, 1, 7],
			"to": [6.5, 2, 9],
			"rotation": {"angle": 22.5, "axis": "y", "origin": [5.5131, 0.74696, 7.23993]},
			"faces": {
				"north": {"uv": [6.75, 2.5, 7.25, 2.75], "texture": "#0"},
				"east": {"uv": [6.75, 3, 7.25, 3.25], "texture": "#0"},
				"south": {"uv": [6.75, 3.25, 7.25, 3.5], "texture": "#0"},
				"west": {"uv": [6.75, 3.5, 7.25, 3.75], "texture": "#0"},
				"up": {"uv": [5, 4.5, 5.5, 5], "texture": "#0"},
				"down": {"uv": [5.25, 3, 5.75, 3.5], "texture": "#0"}
			}
		},
		{
			"from": [8.5, 1, 7],
			"to": [10.5, 2, 9],
			"rotation": {"angle": -22.5, "axis": "y", "origin": [9.51309, 0.50439, 6.98253]},
			"faces": {
				"north": {"uv": [6.75, 3.75, 7.25, 4], "texture": "#0"},
				"east": {"uv": [6.75, 4, 7.25, 4.25], "texture": "#0"},
				"south": {"uv": [6.75, 4.5, 7.25, 4.75], "texture": "#0"},
				"west": {"uv": [6.75, 4.75, 7.25, 5], "texture": "#0"},
				"up": {"uv": [5.75, 3, 6.25, 3.5], "texture": "#0"},
				"down": {"uv": [6.25, 3, 6.75, 3.5], "texture": "#0"}
			}
		}
	]
}