{
	"credit": "Made with Blockbench",
	"textures": {
		"2": "custom_mob/drone",
		"particle": "custom_mob/drone"
	},
	"elements": [
		{
			"from": [4, 5, 4],
			"to": [12, 11, 12],
			"rotation": {"angle": 0, "axis": "y", "origin": [8, 11, 8]},
			"faces": {
				"north": {"uv": [2, 2, 4, 3.5], "texture": "#2"},
				"east": {"uv": [0, 2, 2, 3.5], "texture": "#2"},
				"south": {"uv": [6, 2, 8, 3.5], "texture": "#2"},
				"west": {"uv": [4, 2, 6, 3.5], "texture": "#2"},
				"up": {"uv": [4, 2, 2, 0], "texture": "#2"},
				"down": {"uv": [6, 0, 4, 2], "texture": "#2"}
			}
		},
		{
			"from": [6, 4, 12],
			"to": [10, 10, 14],
			"rotation": {"angle": 0, "axis": "y", "origin": [8, 11, 8]},
			"faces": {
				"north": {"uv": [4.5, 10, 5.5, 11.5], "texture": "#2"},
				"east": {"uv": [4, 10, 4.5, 11.5], "texture": "#2"},
				"south": {"uv": [6, 10, 7, 11.5], "texture": "#2"},
				"west": {"uv": [5.5, 10, 6, 11.5], "texture": "#2"},
				"up": {"uv": [5.5, 10, 4.5, 9.5], "texture": "#2"},
				"down": {"uv": [6.5, 9.5, 5.5, 10], "texture": "#2"}
			}
		},
		{
			"from": [-3, 9, -3],
			"to": [3, 11, 3],
			"rotation": {"angle": 0, "axis": "y", "origin": [9, 13, 3]},
			"faces": {
				"north": {"uv": [1.5, 6.75, 3, 7.25], "texture": "#2"},
				"east": {"uv": [0, 6.75, 1.5, 7.25], "texture": "#2"},
				"south": {"uv": [4.5, 6.75, 6, 7.25], "texture": "#2"},
				"west": {"uv": [3, 6.75, 4.5, 7.25], "texture": "#2"},
				"up": {"uv": [3, 6.75, 1.5, 5.25], "texture": "#2"},
				"down": {"uv": [4.5, 5.25, 3, 6.75], "texture": "#2"}
			}
		},
		{
			"from": [-3, 9, 13],
			"to": [3, 11, 19],
			"rotation": {"angle": 0, "axis": "y", "origin": [9, 13, 19]},
			"faces": {
				"north": {"uv": [7, 5.25, 8.5, 5.75], "texture": "#2"},
				"east": {"uv": [5.5, 5.25, 7, 5.75], "texture": "#2"},
				"south": {"uv": [10, 5.25, 11.5, 5.75], "texture": "#2"},
				"west": {"uv": [8.5, 5.25, 10, 5.75], "texture": "#2"},
				"up": {"uv": [8.5, 5.25, 7, 3.75], "texture": "#2"},
				"down": {"uv": [10, 3.75, 8.5, 5.25], "texture": "#2"}
			}
		},
		{
			"from": [13, 9, -3],
			"to": [19, 11, 3],
			"rotation": {"angle": 0, "axis": "y", "origin": [19, 13, 3]},
			"faces": {
				"north": {"uv": [6, 7.25, 7.5, 7.75], "texture": "#2"},
				"east": {"uv": [4.5, 7.25, 6, 7.75], "texture": "#2"},
				"south": {"uv": [9, 7.25, 10.5, 7.75], "texture": "#2"},
				"west": {"uv": [7.5, 7.25, 9, 7.75], "texture": "#2"},
				"up": {"uv": [7.5, 7.25, 6, 5.75], "texture": "#2"},
				"down": {"uv": [9, 5.75, 7.5, 7.25], "texture": "#2"}
			}
		},
		{
			"from": [13, 9, 13],
			"to": [19, 11, 19],
			"rotation": {"angle": 0, "axis": "y", "origin": [19, 13, 19]},
			"faces": {
				"north": {"uv": [7.5, 1.5, 9, 2], "texture": "#2"},
				"east": {"uv": [6, 1.5, 7.5, 2], "texture": "#2"},
				"south": {"uv": [10.5, 1.5, 12, 2], "texture": "#2"},
				"west": {"uv": [9, 1.5, 10.5, 2], "texture": "#2"},
				"up": {"uv": [9, 1.5, 7.5, 0], "texture": "#2"},
				"down": {"uv": [10.5, 0, 9, 1.5], "texture": "#2"}
			}
		},
		{
			"from": [1, 8, 1],
			"to": [5, 10, 5],
			"rotation": {"angle": 0, "axis": "y", "origin": [9, 13, 3]},
			"faces": {
				"north": {"uv": [10, 10, 11, 10.5], "texture": "#2"},
				"east": {"uv": [9, 10, 10, 10.5], "texture": "#2"},
				"south": {"uv": [12, 10, 13, 10.5], "texture": "#2"},
				"west": {"uv": [11, 10, 12, 10.5], "texture": "#2"},
				"up": {"uv": [11, 10, 10, 9], "texture": "#2"},
				"down": {"uv": [12, 9, 11, 10], "texture": "#2"}
			}
		},
		{
			"from": [1, 8, 11],
			"to": [5, 10, 15],
			"rotation": {"angle": 0, "axis": "y", "origin": [9, 13, 13]},
			"faces": {
				"north": {"uv": [1, 10.25, 2, 10.75], "texture": "#2"},
				"east": {"uv": [0, 10.25, 1, 10.75], "texture": "#2"},
				"south": {"uv": [3, 10.25, 4, 10.75], "texture": "#2"},
				"west": {"uv": [2, 10.25, 3, 10.75], "texture": "#2"},
				"up": {"uv": [2, 10.25, 1, 9.25], "texture": "#2"},
				"down": {"uv": [3, 9.25, 2, 10.25], "texture": "#2"}
			}
		},
		{
			"from": [11, 8, 1],
			"to": [15, 10, 5],
			"rotation": {"angle": 0, "axis": "y", "origin": [19, 13, 3]},
			"faces": {
				"north": {"uv": [9, 3, 10, 3.5], "texture": "#2"},
				"east": {"uv": [8, 3, 9, 3.5], "texture": "#2"},
				"south": {"uv": [11, 3, 12, 3.5], "texture": "#2"},
				"west": {"uv": [10, 3, 11, 3.5], "texture": "#2"},
				"up": {"uv": [10, 3, 9, 2], "texture": "#2"},
				"down": {"uv": [11, 2, 10, 3], "texture": "#2"}
			}
		},
		{
			"from": [11, 8, 11],
			"to": [15, 10, 15],
			"rotation": {"angle": 0, "axis": "y", "origin": [19, 13, 13]},
			"faces": {
				"north": {"uv": [10, 6.75, 11, 7.25], "texture": "#2"},
				"east": {"uv": [9, 6.75, 10, 7.25], "texture": "#2"},
				"south": {"uv": [12, 6.75, 13, 7.25], "texture": "#2"},
				"west": {"uv": [11, 6.75, 12, 7.25], "texture": "#2"},
				"up": {"uv": [11, 6.75, 10, 5.75], "texture": "#2"},
				"down": {"uv": [12, 5.75, 11, 6.75], "texture": "#2"}
			}
		},
		{
			"from": [5, 3, 5],
			"to": [11, 5, 11],
			"rotation": {"angle": 0, "axis": "y", "origin": [8, 13, 8]},
			"faces": {
				"north": {"uv": [1.5, 8.75, 3, 9.25], "texture": "#2"},
				"east": {"uv": [0, 8.75, 1.5, 9.25], "texture": "#2"},
				"south": {"uv": [4.5, 8.75, 6, 9.25], "texture": "#2"},
				"west": {"uv": [3, 8.75, 4.5, 9.25], "texture": "#2"},
				"up": {"uv": [3, 8.75, 1.5, 7.25], "texture": "#2"},
				"down": {"uv": [4.5, 7.25, 3, 8.75], "texture": "#2"}
			}
		},
		{
			"from": [6, 1, 7],
			"to": [10, 4, 9],
			"rotation": {"angle": 45, "axis": "x", "origin": [8, 1.5, 9]},
			"faces": {
				"north": {"uv": [9.25, 8.25, 10.25, 9], "texture": "#2"},
				"east": {"uv": [8.75, 8.25, 9.25, 9], "texture": "#2"},
				"south": {"uv": [10.75, 8.25, 11.75, 9], "texture": "#2"},
				"west": {"uv": [10.25, 8.25, 10.75, 9], "texture": "#2"},
				"up": {"uv": [10.25, 8.25, 9.25, 7.75], "texture": "#2"},
				"down": {"uv": [11.25, 7.75, 10.25, 8.25], "texture": "#2"}
			}
		},
		{
			"from": [7, -2, 9],
			"to": [9, 3, 10],
			"rotation": {"angle": 45, "axis": "x", "origin": [8, 1.5, 9]},
			"faces": {
				"north": {"uv": [0.25, 5.5, 0.75, 6.75], "texture": "#2"},
				"east": {"uv": [0, 5.5, 0.25, 6.75], "texture": "#2"},
				"south": {"uv": [1, 5.5, 1.5, 6.75], "texture": "#2"},
				"west": {"uv": [0.75, 5.5, 1, 6.75], "texture": "#2"},
				"up": {"uv": [0.75, 5.5, 0.25, 5.25], "texture": "#2"},
				"down": {"uv": [1.25, 5.25, 0.75, 5.5], "texture": "#2"}
			}
		},
		{
			"from": [7, 1.5, 4.5],
			"to": [9, 3.5, 8.5],
			"rotation": {"angle": -45, "axis": "x", "origin": [8, 1.5, 9]},
			"faces": {
				"north": {"uv": [8, 10.5, 8.5, 11], "texture": "#2"},
				"east": {"uv": [7, 10.5, 8, 11], "texture": "#2"},
				"south": {"uv": [9.5, 10.5, 10, 11], "texture": "#2"},
				"west": {"uv": [8.5, 10.5, 9.5, 11], "texture": "#2"},
				"up": {"uv": [8.5, 10.5, 8, 9.5], "texture": "#2"},
				"down": {"uv": [9, 9.5, 8.5, 10.5], "texture": "#2"}
			}
		},
		{
			"from": [6, 6, 3],
			"to": [10, 10, 4],
			"rotation": {"angle": 0, "axis": "y", "origin": [8, 10, 8]},
			"faces": {
				"north": {"uv": [10.25, 3.75, 11.25, 4.75], "texture": "#2"},
				"east": {"uv": [10, 3.75, 10.25, 4.75], "texture": "#2"},
				"south": {"uv": [11.5, 3.75, 12.5, 4.75], "texture": "#2"},
				"west": {"uv": [11.25, 3.75, 11.5, 4.75], "texture": "#2"},
				"up": {"uv": [11.25, 3.75, 10.25, 3.5], "texture": "#2"},
				"down": {"uv": [12.25, 3.5, 11.25, 3.75], "texture": "#2"}
			}
		},
		{
			"from": [6.5, -2, 2.75],
			"to": [9.5, 0, 7.75],
			"rotation": {"angle": 0, "axis": "y", "origin": [8, 8, 9]},
			"faces": {
				"north": {"uv": [7.25, 9, 8, 9.5], "texture": "#2"},
				"east": {"uv": [6, 9, 7.25, 9.5], "texture": "#2"},
				"south": {"uv": [9.25, 9, 10, 9.5], "texture": "#2"},
				"west": {"uv": [8, 9, 9.25, 9.5], "texture": "#2"},
				"up": {"uv": [8, 9, 7.25, 7.75], "texture": "#2"},
				"down": {"uv": [8.75, 7.75, 8, 9], "texture": "#2"}
			}
		},
		{
			"from": [4, 1.5, 6.5],
			"to": [5, 5.5, 8.5],
			"rotation": {"angle": -22.5, "axis": "x", "origin": [8, 7, 8]},
			"faces": {
				"north": {"uv": [5, 5.75, 5.25, 6.75], "texture": "#2"},
				"east": {"uv": [4.5, 5.75, 5, 6.75], "texture": "#2"},
				"south": {"uv": [5.75, 5.75, 6, 6.75], "texture": "#2"},
				"west": {"uv": [5.25, 5.75, 5.75, 6.75], "texture": "#2"},
				"up": {"uv": [5.25, 5.75, 5, 5.25], "texture": "#2"},
				"down": {"uv": [5.5, 5.25, 5.25, 5.75], "texture": "#2"}
			}
		},
		{
			"from": [11, 1.5, 6.5],
			"to": [12, 5.5, 8.5],
			"rotation": {"angle": -22.5, "axis": "x", "origin": [8, 7, 8]},
			"faces": {
				"north": {"uv": [0.5, 0.5, 0.75, 1.5], "texture": "#2"},
				"east": {"uv": [0, 0.5, 0.5, 1.5], "texture": "#2"},
				"south": {"uv": [1.25, 0.5, 1.5, 1.5], "texture": "#2"},
				"west": {"uv": [0.75, 0.5, 1.25, 1.5], "texture": "#2"},
				"up": {"uv": [0.75, 0.5, 0.5, 0], "texture": "#2"},
				"down": {"uv": [1, 0, 0.75, 0.5], "texture": "#2"}
			}
		},
		{
			"from": [3, 6, 6],
			"to": [13, 9, 10],
			"faces": {
				"north": {"uv": [1, 4.5, 3.5, 5.25], "texture": "#2"},
				"east": {"uv": [0, 4.5, 1, 5.25], "texture": "#2"},
				"south": {"uv": [4.5, 4.5, 7, 5.25], "texture": "#2"},
				"west": {"uv": [3.5, 4.5, 4.5, 5.25], "texture": "#2"},
				"up": {"uv": [3.5, 4.5, 1, 3.5], "texture": "#2"},
				"down": {"uv": [6, 3.5, 3.5, 4.5], "texture": "#2"}
			}
		}
	],
	"display": {
		"thirdperson_righthand": {
			"rotation": [45, -45, 0],
			"translation": [0, 2.5, 0.75],
			"scale": [0.5, 0.5, 0.5]
		},
		"thirdperson_lefthand": {
			"rotation": [45, -45, 0],
			"translation": [0, 2.5, 0.75],
			"scale": [0.5, 0.5, 0.5]
		},
		"firstperson_righthand": {
			"rotation": [25, 45, 0],
			"translation": [0, 6.25, 4.5],
			"scale": [0.35, 0.35, 0.35]
		},
		"firstperson_lefthand": {
			"rotation": [25, 45, 0],
			"translation": [0, 6.25, 4.5],
			"scale": [0.35, 0.35, 0.35]
		},
		"ground": {
			"translation": [0, 2, 0],
			"scale": [0.5, 0.5, 0.5]
		},
		"gui": {
			"rotation": [45, 135, 0],
			"translation": [0, -1, 0],
			"scale": [0.55, 0.55, 0.55]
		},
		"head": {
			"translation": [0, -5, 0],
			"scale": [1.7, 1.7, 1.7]
		}
	}
}